,Q2A1,Q5_1,QQ_1,QQ_2,QQ_3,QQ_4,QQ_5,QQ_6,QQ_7,QQ_8,QQ_9,QQ_10,QQ_11,QQ_12,QQ_13,QQ_14,CQ14_1T,D_COU,D_GEN,Q16_a
0,1.0,2,0,1,0,0,0,0,0,0,0,0,1,0,0,0,2,15,1,1
1,1.0,2,0,1,0,1,0,0,0,1,0,0,1,0,0,0,2,15,1,1
2,4.0,2,0,0,0,0,0,0,0,0,0,0,1,0,0,0,1,15,1,1
3,4.0,2,0,1,1,1,1,0,0,0,0,0,1,0,0,0,3,15,1,1
4,2.0,1,0,1,0,1,0,0,1,0,1,1,0,0,0,1,3,18,1,0
5,1.0,1,1,1,0,0,1,0,1,1,1,1,0,0,0,1,6,15,1,1
6,2.0,1,1,1,0,1,1,0,0,0,0,0,0,0,0,1,2,15,1,0
7,4.0,1,0,1,0,0,1,1,1,0,0,0,0,0,0,1,3,18,2,1
8,4.0,1,1,1,1,1,1,1,0,1,0,0,1,0,0,1,3,18,2,0
9,2.0,1,1,1,1,1,0,0,0,0,0,0,0,0,0,1,2,15,1,0
10,4.0,1,1,1,1,1,0,1,0,1,0,0,0,0,0,0,1,18,2,1
11,2.0,1,0,1,0,1,0,0,0,1,0,0,0,0,0,0,2,15,1,1
12,3.0,1,1,1,1,0,1,0,1,0,0,0,0,0,0,1,2,18,2,1
13,1.0,1,1,1,0,1,0,0,0,0,0,0,0,0,0,0,2,15,1,1
14,3.0,1,0,1,1,1,1,1,0,0,0,0,0,0,0,0,2,7,2,1
15,1.0,1,0,1,1,1,1,0,0,0,0,0,0,0,0,1,6,15,1,1
16,3.0,1,1,1,1,0,0,0,0,1,0,0,0,0,0,0,2,7,2,1
17,2.0,1,0,1,0,1,0,1,0,0,1,0,0,0,0,0,7,15,2,1
18,2.0,1,0,1,0,1,1,1,0,0,0,0,0,0,0,1,2,7,2,1
19,1.0,1,1,1,1,1,1,1,0,0,1,0,0,1,0,1,4,15,2,1
20,2.0,1,0,1,1,1,0,0,0,0,0,0,0,0,0,1,2,7,1,1
21,5.0,3,0,1,0,0,0,0,0,0,0,1,0,0,0,0,2,15,1,0
22,1.0,1,0,1,1,1,0,0,0,1,0,0,0,0,0,0,1,7,1,1
23,1.0,1,0,1,1,0,0,1,0,0,0,0,0,0,0,0,2,15,1,1
24,1.0,2,0,1,0,0,0,1,0,0,0,0,1,0,0,0,5,7,1,1
25,1.0,2,1,1,0,0,0,0,0,0,0,0,1,0,0,0,2,15,1,1
26,2.0,1,1,1,1,1,1,0,0,1,0,0,0,0,0,1,2,7,1,1
27,1.0,1,1,0,1,1,1,1,0,1,0,1,0,0,0,0,1,15,1,1
28,4.0,2,1,1,0,0,0,0,0,0,0,0,1,0,0,0,2,15,1,1
29,2.0,1,0,1,1,1,1,0,0,0,0,0,0,0,0,0,3,7,2,1
30,2.0,1,0,1,1,1,0,0,0,0,0,0,0,0,0,1,2,7,2,1
31,2.0,1,1,1,1,1,1,0,0,0,0,0,0,0,0,0,2,7,1,1
32,2.0,1,0,1,1,1,1,1,0,0,0,0,0,0,0,1,2,7,1,1
33,3.0,1,0,1,1,1,1,1,0,0,0,0,0,0,0,1,3,7,1,1
34,2.0,1,0,1,1,1,1,0,0,0,0,0,0,0,0,1,2,7,2,1
35,1.0,1,1,1,1,1,1,0,0,0,0,0,0,0,0,1,2,18,1,1
36,2.0,1,0,1,1,1,1,0,0,0,0,0,0,0,0,0,3,7,1,1
37,3.0,1,0,1,0,1,0,1,1,0,0,0,0,0,0,1,4,7,2,0
38,2.0,1,0,1,1,1,1,1,0,0,0,0,0,0,0,1,3,7,1,1
39,2.0,1,1,1,0,0,0,0,0,0,0,0,0,0,0,1,2,7,2,0
40,2.0,1,1,1,1,1,1,1,0,0,0,0,0,0,0,1,2,7,2,1
41,2.0,1,0,1,1,1,0,1,0,0,0,0,0,0,0,1,1,7,1,1
42,2.0,1,0,1,0,1,1,0,0,1,0,0,0,0,0,0,3,7,2,1
43,2.0,1,1,1,1,1,1,1,0,0,0,1,0,0,0,1,2,7,1,1
44,2.0,1,0,1,0,1,1,1,0,0,0,0,0,0,0,1,3,7,2,1
45,1.0,1,0,1,1,0,1,0,0,0,0,0,0,0,0,0,2,15,2,1
46,2.0,1,0,1,1,1,1,1,0,0,0,1,0,0,0,1,5,7,2,1
47,4.0,2,0,0,0,0,0,0,0,0,0,0,1,0,0,0,2,15,1,1
48,2.0,1,0,1,1,1,1,1,0,0,1,0,0,0,0,1,4,7,2,1
49,3.0,1,1,1,0,1,0,0,0,0,0,0,0,0,0,0,2,7,1,1
50,2.0,1,0,1,1,0,1,0,0,0,0,0,0,0,0,1,2,7,2,1
51,2.0,1,0,1,1,1,0,0,0,0,0,0,0,0,0,1,4,7,2,1
52,3.0,1,0,1,1,1,0,1,0,0,0,0,0,0,0,1,1,7,2,1
53,3.0,1,0,1,1,1,1,0,0,0,0,0,0,0,0,0,2,7,2,1
54,2.0,1,1,1,1,1,1,1,1,1,0,0,0,0,0,1,5,15,1,1
55,4.0,1,0,1,1,1,1,0,1,0,0,1,0,0,0,1,3,7,1,1
56,1.0,1,0,1,0,1,0,1,0,0,0,1,0,0,0,1,1,7,2,1
57,4.0,1,1,1,1,1,1,0,0,0,1,1,0,1,0,1,3,7,2,0
58,2.0,2,0,1,1,1,0,1,0,0,0,0,1,0,0,0,2,7,2,1
59,2.0,1,0,1,1,1,1,1,0,0,0,0,0,0,0,1,1,7,1,1
60,2.0,1,0,1,0,0,0,0,0,0,0,0,0,0,0,0,2,7,2,1
61,2.0,1,0,1,0,0,0,0,0,0,0,0,0,0,0,1,1,7,2,1
62,3.0,1,0,1,1,1,0,1,0,0,0,0,0,0,0,0,3,7,2,1
63,2.0,1,0,1,1,1,1,0,0,0,0,0,0,0,0,0,1,7,1,0
64,2.0,1,1,1,1,1,1,1,0,0,0,0,0,0,0,0,2,7,1,1
65,2.0,1,0,1,1,0,0,0,0,0,0,0,0,0,0,1,5,7,1,1
66,3.0,1,0,1,1,1,1,1,0,0,0,0,0,0,0,1,2,7,2,1
67,2.0,1,1,1,0,1,0,1,0,0,0,0,0,0,0,0,3,7,1,1
68,3.0,1,0,1,1,1,1,1,1,0,0,0,0,0,0,1,2,7,2,1
69,1.0,1,1,1,1,1,1,0,0,0,0,0,0,0,0,0,3,7,1,1
70,4.0,2,0,1,0,0,0,0,0,0,0,0,1,1,0,0,2,7,1,1
71,3.0,1,0,1,1,1,0,0,0,0,0,0,0,0,0,1,1,7,2,1
72,3.0,4,0,1,0,1,0,0,1,0,0,0,0,1,0,0,6,7,1,1
73,2.0,1,0,1,1,1,0,1,0,0,0,0,0,0,0,0,2,7,2,0
74,2.0,1,0,1,1,1,1,0,0,0,0,0,0,0,0,1,5,7,1,1
75,2.0,1,0,1,0,0,0,0,0,0,1,0,0,0,0,0,3,15,1,1
76,1.0,1,0,1,1,1,0,0,0,0,0,1,0,0,0,0,2,7,2,1
77,2.0,1,1,1,0,1,1,1,0,0,0,0,0,0,0,0,3,7,2,1
78,2.0,1,0,1,1,1,0,0,0,0,0,0,1,1,0,1,2,7,1,1
79,2.0,1,0,1,1,1,0,1,0,0,1,0,0,0,0,1,5,15,1,1
80,1.0,1,0,1,1,1,1,0,0,0,0,0,0,0,0,1,2,7,2,1
81,1.0,2,0,1,0,0,0,0,0,0,0,0,1,0,0,0,1,15,1,1
82,2.0,1,0,1,1,1,1,1,1,0,0,0,0,0,0,1,2,7,1,1
83,2.0,1,0,1,0,1,0,1,0,0,0,0,0,0,0,1,5,7,2,1
84,2.0,1,0,1,0,0,0,0,0,0,1,0,0,0,0,0,7,15,2,1
85,2.0,1,0,1,0,1,0,0,0,0,0,0,0,0,0,1,3,7,1,1
86,2.0,1,1,1,1,1,0,0,0,0,0,0,0,0,0,1,1,7,2,1
87,3.0,1,1,1,1,1,0,1,0,0,0,0,0,0,0,1,2,7,2,1
88,2.0,1,0,1,1,1,1,1,0,0,1,0,0,0,0,1,1,7,2,0
89,2.0,1,0,1,0,0,0,0,0,0,1,0,0,0,0,1,1,7,2,1
90,3.0,1,0,1,0,0,1,1,0,0,1,0,0,0,0,1,1,18,2,1
91,3.0,1,1,1,1,1,1,0,1,1,1,0,0,0,0,0,3,18,2,1
92,4.0,1,0,1,0,1,1,1,1,0,0,0,0,0,0,0,2,18,2,1
93,2.0,1,1,1,1,1,0,0,0,0,0,0,0,0,0,1,3,18,2,1
94,4.0,1,0,1,1,1,0,0,0,1,0,0,0,0,0,0,3,18,1,1
95,3.0,1,1,1,1,1,1,1,0,0,0,0,0,0,0,1,2,18,1,0
96,3.0,2,1,1,1,1,0,0,0,0,0,0,1,0,0,0,5,18,1,0
97,2.0,1,0,1,1,1,1,1,0,1,0,0,0,0,0,0,2,18,1,0
98,1.0,1,1,1,1,1,0,1,0,0,0,0,0,0,0,0,2,18,2,1
99,1.0,2,0,0,1,0,0,0,0,0,0,0,1,0,0,0,1,15,1,0
100,2.0,1,0,1,1,0,1,0,0,0,0,0,0,0,0,1,3,7,1,1
101,2.0,1,1,1,1,1,0,0,0,0,0,0,0,0,0,0,1,7,2,1
102,1.0,2,0,1,1,1,0,0,0,0,0,0,1,0,0,0,2,15,1,0
103,3.0,3,1,1,0,0,1,0,0,0,0,1,0,1,0,1,4,7,1,1
104,2.0,1,1,1,1,0,1,0,0,0,0,0,0,0,0,0,1,7,2,1
105,1.0,1,1,1,0,0,1,0,0,0,0,0,0,0,0,0,2,7,1,1
106,2.0,1,0,1,1,1,0,0,1,0,0,0,0,0,0,0,4,7,1,1
107,2.0,1,0,1,1,1,1,1,1,1,0,1,0,0,0,1,1,7,1,1
108,3.0,1,1,1,1,1,1,1,0,0,0,0,0,0,0,1,6,18,2,1
109,2.0,1,0,1,0,0,1,0,0,0,0,0,0,0,0,0,1,7,2,1
110,2.0,1,0,1,0,0,0,1,0,0,0,0,0,0,0,1,3,7,1,1
111,4.0,2,0,1,1,1,0,0,0,0,0,0,1,0,0,0,1,15,1,1
112,2.0,1,0,1,1,1,1,1,1,0,0,0,0,0,0,1,1,7,1,1
113,2.0,1,1,1,1,1,0,0,0,0,0,0,0,1,0,1,5,18,1,1
114,1.0,1,0,1,1,1,1,1,0,0,0,0,0,0,0,0,2,7,2,1
115,1.0,2,0,1,0,0,0,0,0,0,0,0,1,0,0,0,3,15,1,1
116,2.0,2,0,1,1,0,1,1,0,0,0,0,0,1,0,1,3,15,1,1
117,3.0,1,0,1,1,1,1,1,0,0,0,0,0,0,0,0,3,7,2,1
118,1.0,1,0,1,1,1,0,1,0,1,0,0,0,0,0,1,6,18,1,1
119,1.0,1,0,1,0,1,1,0,0,0,0,0,0,0,0,0,2,7,2,1
120,1.0,2,0,1,0,0,0,0,0,0,0,0,1,0,0,0,6,15,1,1
121,3.0,1,0,1,0,1,0,1,0,0,0,0,0,0,0,1,4,15,1,1
122,3.0,1,1,1,1,1,1,0,0,1,0,0,0,0,0,1,2,7,2,1
123,3.0,1,0,1,1,1,1,1,0,0,0,0,0,0,0,1,3,7,1,0
124,2.0,1,1,1,0,0,0,0,0,0,0,0,0,0,0,0,1,15,2,1
125,2.0,1,1,1,0,1,0,0,0,0,0,0,0,0,0,1,3,7,2,1
126,2.0,1,0,1,1,1,0,1,0,0,0,0,0,0,0,0,1,15,2,1
127,2.0,1,0,1,0,1,0,1,0,0,0,0,0,0,0,0,2,7,2,1
128,1.0,2,0,1,0,1,0,0,0,0,0,0,1,0,0,1,2,15,2,1
129,3.0,1,0,1,1,1,0,0,0,0,0,0,0,0,0,1,2,7,2,0
130,1.0,2,1,1,0,0,0,0,0,0,0,0,1,1,0,0,1,15,1,1
131,1.0,2,0,1,0,0,0,0,0,0,1,0,1,0,0,0,2,15,1,1
132,4.0,4,1,1,0,0,0,1,1,0,1,0,0,0,0,1,3,15,1,1
133,1.0,1,1,1,1,1,1,1,0,1,0,0,0,0,0,1,5,15,1,1
134,2.0,1,1,1,1,1,0,0,0,1,0,0,0,0,0,0,1,15,2,1
135,2.0,1,1,1,1,1,1,1,0,0,1,0,0,0,0,0,4,15,1,1
136,4.0,4,0,0,0,0,0,0,0,0,0,0,0,0,0,1,2,15,2,0
137,1.0,1,0,1,0,0,0,0,0,0,1,0,0,0,0,0,6,15,2,1
138,2.0,1,0,1,0,0,1,0,0,1,0,0,0,0,0,1,1,15,1,1
139,1.0,1,0,1,0,1,0,0,1,0,0,0,0,0,0,1,4,15,2,1
140,1.0,1,1,1,1,1,1,1,0,0,0,0,0,0,0,0,2,15,2,1
141,1.0,1,1,1,1,0,0,0,0,0,1,0,0,0,0,0,5,15,1,1
142,2.0,2,1,1,0,1,0,0,0,0,0,0,1,0,0,0,4,15,2,1
143,3.0,1,0,1,1,1,1,1,0,1,1,0,0,0,0,1,6,15,2,1
144,2.0,1,1,1,1,0,0,0,0,0,0,0,0,0,0,1,6,15,1,1
145,1.0,4,1,1,0,1,1,1,0,0,0,0,0,0,0,1,3,15,2,1
146,2.0,1,0,1,0,1,1,0,0,0,0,0,0,0,0,0,1,7,2,1
147,4.0,2,0,1,0,1,0,0,0,0,0,0,1,0,1,1,3,15,1,0
148,2.0,1,0,1,0,0,1,0,0,1,0,0,0,1,0,0,3,7,2,1
149,5.0,5,0,1,0,0,0,0,0,0,0,1,0,0,0,1,1,15,1,1
150,2.0,1,0,1,1,1,1,0,0,1,1,0,1,0,0,1,2,15,1,1
151,1.0,1,0,1,1,0,1,1,0,0,0,0,0,0,0,1,4,15,1,1
152,1.0,1,1,1,0,1,0,0,0,0,0,0,0,0,0,1,2,15,1,1
153,1.0,1,0,1,0,0,0,0,0,0,0,0,0,0,0,0,3,15,2,1
154,1.0,1,0,0,0,0,0,0,0,0,1,0,0,0,0,0,6,15,1,0
155,1.0,1,0,1,1,0,0,0,0,0,0,0,0,1,0,1,3,15,2,1
156,2.0,1,0,1,0,0,0,0,0,0,1,0,0,0,0,0,1,15,2,1
157,2.0,1,0,1,0,0,0,0,0,0,1,0,0,0,0,0,6,15,2,0
158,1.0,2,0,1,1,1,1,1,0,0,1,0,1,1,0,1,6,15,1,0
159,1.0,3,0,1,1,1,1,1,0,0,0,0,0,1,0,1,6,15,1,1
160,2.0,1,0,1,0,0,1,0,0,0,1,0,0,0,0,0,5,15,2,1
161,4.0,2,0,1,0,0,0,0,0,0,0,0,1,0,0,0,3,15,2,1
162,4.0,2,0,1,0,0,0,0,0,1,0,0,1,0,0,0,6,15,1,1
163,4.0,2,0,1,0,0,1,1,0,0,0,1,0,1,0,1,2,15,1,1
164,1.0,1,1,0,1,0,0,0,0,1,0,0,0,0,0,0,1,7,1,1
165,4.0,2,0,1,0,0,0,0,0,0,0,0,1,0,0,0,5,15,1,1
166,2.0,2,1,1,0,1,0,1,0,0,0,1,0,1,0,1,3,15,1,1
167,2.0,1,1,1,0,1,0,0,0,0,1,0,0,0,0,1,6,15,2,1
168,2.0,1,1,1,1,1,0,1,0,0,0,0,0,0,0,0,1,7,1,1
169,1.0,2,0,1,0,0,0,0,0,0,0,0,1,0,0,0,3,15,1,0
170,1.0,1,0,1,0,0,0,0,0,0,1,0,0,0,0,0,7,15,1,1
171,4.0,2,0,0,0,0,0,0,0,0,0,0,1,0,0,0,3,7,1,1
172,2.0,1,0,1,1,1,0,1,0,0,1,0,0,0,0,1,6,15,1,1
173,1.0,3,0,1,0,0,0,0,0,0,0,0,0,1,0,1,3,15,1,1
174,3.0,1,0,1,1,1,1,0,1,0,0,0,0,0,0,1,1,7,2,1
175,1.0,1,0,1,1,1,0,1,0,0,0,0,0,0,0,1,2,15,1,1
176,3.0,1,0,1,1,1,1,1,0,0,0,0,0,0,0,0,2,7,2,1
177,4.0,1,0,1,1,0,0,1,0,0,0,0,1,0,0,0,7,15,1,1
178,2.0,1,0,1,0,1,0,0,0,0,0,0,0,0,0,1,6,15,2,1
179,1.0,1,1,1,1,0,0,0,0,0,1,0,0,0,0,0,6,7,2,1
180,1.0,2,1,1,0,1,0,0,0,0,0,0,1,0,0,0,3,15,1,1
181,2.0,1,0,1,0,1,0,1,0,0,1,0,0,0,0,0,6,15,1,1
182,4.0,1,0,1,0,0,1,0,0,1,1,0,0,0,0,0,3,15,2,1
183,1.0,1,1,1,0,1,0,0,0,1,0,0,0,0,0,0,1,15,2,0
184,1.0,1,1,1,0,1,1,0,0,0,1,0,0,0,0,1,5,15,2,1
185,2.0,1,0,0,0,0,0,0,0,0,1,0,0,0,0,0,7,15,2,1
186,2.0,2,1,1,0,0,0,0,0,0,0,0,1,0,0,0,3,15,2,1
187,1.0,3,0,1,1,1,1,1,0,0,0,1,0,1,0,0,3,15,1,1
188,1.0,1,1,1,0,0,0,0,0,0,0,0,0,0,0,1,3,15,2,1
189,1.0,1,0,1,1,1,1,0,0,0,0,0,0,0,0,1,1,7,1,1
190,1.0,1,1,1,0,0,0,0,0,1,0,0,0,0,0,1,4,15,1,1
191,2.0,1,1,1,1,0,0,0,0,0,0,0,0,0,0,0,1,7,2,0
192,1.0,1,1,1,0,1,0,1,0,1,1,0,0,0,0,1,6,15,1,1
193,1.0,1,0,1,0,0,0,0,0,1,0,0,0,0,0,1,4,15,2,1
194,2.0,1,1,1,1,0,0,0,0,0,1,0,0,0,0,0,5,15,1,1
195,1.0,1,1,1,1,1,0,0,0,0,0,0,0,0,0,0,2,15,2,1
196,4.0,2,0,1,1,1,0,0,0,0,0,0,1,0,0,0,1,15,2,0
197,3.0,1,1,1,1,1,0,0,0,0,0,0,0,0,0,1,4,15,1,1
198,2.0,1,1,1,1,1,0,1,0,0,0,0,0,0,0,1,4,15,2,1
199,4.0,2,1,1,0,1,1,0,0,1,0,0,0,0,0,0,4,15,1,1
200,4.0,1,1,1,1,0,1,1,1,0,0,1,1,1,0,1,3,18,1,1
201,4.0,1,1,1,1,1,1,1,1,0,0,1,0,0,0,1,4,18,2,1
202,2.0,1,0,1,0,0,0,0,0,0,1,0,0,0,0,0,5,15,1,1
203,3.0,1,1,1,1,1,1,0,0,1,0,0,0,0,0,0,2,18,1,0
204,2.0,1,0,1,1,1,0,0,0,0,0,0,0,0,0,1,3,7,1,1
205,4.0,2,1,1,0,0,0,0,0,0,0,0,1,0,0,0,7,15,1,1
206,1.0,2,0,1,0,0,0,0,0,0,0,0,1,0,0,0,2,7,1,1
207,2.0,1,0,1,0,1,0,0,0,0,0,0,0,0,0,1,1,7,1,1
208,1.0,3,0,1,0,1,1,0,0,0,0,0,0,1,0,0,3,15,1,1
209,2.0,1,0,1,1,0,0,0,0,0,0,0,0,0,0,1,1,7,2,1
210,1.0,1,1,1,1,0,0,0,0,0,0,0,0,0,0,0,1,15,1,1
211,1.0,2,0,1,1,1,0,0,0,0,0,0,1,0,0,0,3,15,1,1
212,2.0,1,1,1,1,0,0,1,0,0,1,0,0,0,0,1,5,15,2,1
213,3.0,1,0,1,1,1,1,1,0,0,1,0,0,0,0,1,2,15,2,1
214,1.0,2,0,0,0,0,0,0,0,0,0,0,1,0,0,0,2,15,1,1
215,1.0,2,0,1,0,1,0,0,0,0,0,0,1,1,0,0,4,15,2,1
216,1.0,2,1,1,0,0,0,0,0,0,0,0,1,0,0,0,4,15,1,0
217,1.0,2,0,1,0,0,0,0,0,0,0,0,1,0,0,0,6,15,1,1
218,1.0,2,0,1,0,0,0,0,0,0,0,0,1,0,0,0,6,15,1,1
219,4.0,2,1,1,1,0,0,0,0,0,0,0,1,0,0,0,6,15,1,0
220,4.0,2,0,1,1,1,0,0,0,0,0,0,1,0,0,0,6,15,2,1
221,1.0,1,0,1,1,1,1,1,0,0,0,0,0,1,0,0,2,7,2,1
222,2.0,1,0,1,1,1,1,1,0,0,0,0,0,0,0,1,4,15,2,0
223,2.0,1,1,1,0,0,1,1,0,0,0,0,0,0,0,0,5,7,1,1
224,3.0,1,1,1,0,1,1,0,0,0,0,0,0,0,0,1,2,7,1,1
225,2.0,1,0,1,1,1,1,0,0,0,0,0,0,0,0,1,6,15,2,1
226,3.0,1,0,1,1,1,1,0,0,0,1,0,0,0,0,1,2,7,1,1
227,2.0,1,0,1,0,0,0,0,0,0,1,0,0,0,0,0,6,15,1,1
228,2.0,1,1,1,1,1,1,0,0,0,0,0,0,0,0,1,2,7,2,1
229,2.0,1,1,1,0,0,0,0,0,0,1,0,0,0,0,0,3,15,2,0
230,4.0,2,0,1,0,0,0,0,0,0,0,0,1,0,0,0,3,15,2,0
231,2.0,1,1,1,0,1,0,0,0,0,0,0,0,0,0,0,3,18,1,1
232,1.0,1,0,1,1,1,1,0,0,0,0,0,0,0,0,1,4,7,1,1
233,1.0,2,0,1,1,1,0,0,0,0,0,0,1,0,0,0,3,18,1,1
234,3.0,1,1,1,1,1,1,0,1,0,0,0,0,0,0,0,1,7,1,1
235,4.0,2,1,1,0,1,0,1,0,0,0,0,1,0,0,0,2,18,1,1
236,1.0,2,1,1,1,1,0,0,0,1,0,0,1,0,0,0,1,7,1,1
237,1.0,1,0,1,0,0,0,1,0,1,0,0,0,0,0,0,1,15,2,0
238,4.0,1,1,1,0,1,0,1,0,0,0,0,1,0,0,0,1,18,2,1
239,1.0,2,0,0,0,0,0,0,0,0,0,0,1,0,0,0,1,7,1,1
240,1.0,1,1,1,1,0,0,0,0,0,0,0,0,0,0,0,1,18,2,1
241,2.0,1,1,1,1,1,1,0,1,1,0,1,0,0,0,1,4,7,2,1
242,3.0,1,1,1,1,0,0,1,0,0,0,0,0,0,0,0,1,18,2,1
243,4.0,2,1,1,1,1,0,1,0,0,0,0,0,0,1,0,6,7,2,1
244,2.0,1,0,1,1,1,0,0,0,0,0,0,0,0,0,1,1,7,1,1
245,2.0,1,1,1,1,1,1,0,0,0,0,0,0,0,0,1,1,7,1,0
246,2.0,1,1,1,1,1,1,1,1,0,0,1,0,0,0,1,3,7,2,1
247,1.0,1,1,1,1,1,0,1,1,0,0,0,0,0,0,0,2,7,2,1
248,2.0,1,1,1,1,1,1,1,1,0,0,0,0,0,0,0,1,7,2,0
249,2.0,1,1,1,1,1,0,0,0,0,0,0,0,0,0,1,2,7,2,1
250,2.0,1,0,1,1,1,1,1,0,0,0,0,0,0,0,0,3,7,2,1
251,4.0,3,1,1,1,1,1,0,1,0,0,0,0,1,0,0,3,7,2,1
252,3.0,1,1,1,0,1,1,1,1,0,0,0,0,0,0,1,2,7,2,1
253,4.0,3,1,1,1,1,1,1,1,0,0,0,0,1,0,0,3,7,1,1
254,2.0,1,0,1,1,1,1,1,1,0,0,0,0,0,0,1,2,7,2,1
255,2.0,1,1,1,1,1,1,0,1,0,0,0,0,0,0,1,4,18,1,1
256,4.0,3,1,1,1,1,1,0,1,0,0,0,0,1,0,0,3,7,2,1
257,3.0,1,1,1,1,1,1,1,1,0,0,0,0,0,0,0,3,7,1,1
258,2.0,1,1,1,1,1,0,1,0,0,0,0,0,0,0,1,5,7,1,0
259,2.0,1,1,1,1,1,1,1,1,0,1,0,0,0,0,1,2,18,2,1
260,2.0,1,0,1,1,1,1,1,0,0,0,0,0,0,0,0,2,7,1,1
261,2.0,1,0,1,1,1,0,0,1,0,1,0,0,0,0,1,2,7,1,1
262,4.0,1,1,1,0,1,1,0,0,0,0,0,0,0,0,0,4,18,2,1
263,2.0,1,1,1,0,0,0,0,0,0,0,0,0,0,0,0,3,7,1,1
264,2.0,1,1,1,1,1,1,1,1,0,0,0,0,0,0,1,6,18,2,1
265,1.0,1,1,1,1,1,0,0,0,1,1,0,0,0,0,0,2,7,2,1
266,1.0,3,1,1,1,0,1,1,0,0,1,0,0,1,0,1,5,7,2,1
267,2.0,1,1,1,1,1,1,0,0,0,0,1,0,0,0,1,4,7,1,1
268,2.0,1,1,1,1,1,0,0,0,0,0,0,0,0,0,0,2,7,2,1
269,4.0,2,1,1,0,1,0,0,1,0,0,0,1,0,0,0,2,7,1,1
270,2.0,1,1,1,1,1,1,1,0,0,1,0,1,0,0,1,2,7,1,1
271,3.0,1,1,1,1,1,0,0,0,0,0,1,0,0,0,1,2,18,1,1
272,3.0,2,0,1,1,0,1,1,0,0,1,0,1,0,0,1,2,7,1,1
273,2.0,1,0,1,1,1,1,0,0,0,0,0,0,0,0,0,2,7,1,1
274,2.0,1,1,1,1,1,1,0,0,0,0,0,0,0,0,1,5,18,2,1
275,1.0,1,1,1,1,1,0,0,1,0,0,0,0,0,0,0,1,18,1,1
276,2.0,1,0,1,0,1,1,1,0,0,0,0,0,0,0,1,1,7,2,1
277,2.0,1,0,1,1,1,1,0,1,0,0,0,0,0,0,0,2,7,1,1
278,2.0,1,1,1,1,1,1,0,0,0,0,0,0,0,0,0,5,18,2,1
279,2.0,1,0,1,1,1,1,1,1,0,0,0,0,0,0,0,2,18,1,1
280,1.0,2,0,1,0,0,0,0,0,0,0,0,1,0,0,0,3,15,1,1
281,2.0,1,0,1,1,1,0,1,0,0,0,0,0,0,0,1,5,7,2,1
282,1.0,1,1,1,1,1,1,0,0,0,0,0,0,0,0,1,1,7,2,0
283,4.0,1,0,1,1,1,1,1,0,0,0,0,0,0,0,0,2,18,1,1
284,5.0,1,1,1,1,1,1,1,1,0,0,0,0,0,0,1,2,18,1,1
285,2.0,1,1,1,1,1,1,1,1,0,1,0,0,0,0,1,2,7,2,1
286,3.0,1,1,1,1,1,1,1,1,0,0,0,0,0,0,1,3,18,1,1
287,4.0,1,1,1,1,1,1,0,1,0,0,0,0,0,0,0,1,18,2,1
288,2.0,1,1,1,1,1,1,0,0,0,0,0,0,1,0,1,2,7,2,1
289,4.0,2,1,1,0,1,0,0,0,0,0,0,1,0,0,1,3,18,1,1
290,2.0,1,1,1,1,1,1,1,0,0,0,0,0,0,0,0,3,18,2,1
291,2.0,1,1,1,1,1,0,0,0,0,0,0,0,0,0,1,4,7,2,1
292,4.0,3,1,1,1,1,1,1,0,0,0,0,0,1,0,0,3,18,2,1
293,2.0,1,1,1,1,1,1,0,0,0,0,0,0,0,0,1,1,18,1,0
294,2.0,1,1,1,1,1,1,1,1,1,1,0,1,0,0,1,2,18,1,1
295,3.0,1,0,1,0,1,1,0,0,1,0,0,0,0,0,0,1,7,2,1
296,2.0,1,1,1,1,1,1,1,1,0,0,0,0,0,0,1,2,18,2,1
297,3.0,1,1,1,1,1,0,0,0,0,0,0,0,0,0,0,6,18,2,1
298,5.0,1,1,1,1,1,1,1,1,0,0,0,0,0,0,1,4,7,1,1
299,3.0,1,1,1,1,1,1,1,0,1,0,0,0,0,0,0,2,18,1,1
300,3.0,1,1,1,1,1,0,1,0,0,0,0,0,0,0,1,2,18,1,1
301,1.0,1,1,1,1,1,0,1,0,0,0,0,0,0,0,1,1,18,2,1
302,1.0,2,1,0,1,0,0,0,0,0,0,0,1,1,1,0,2,7,1,1
303,2.0,1,1,1,1,1,0,0,0,0,0,0,0,0,0,1,2,18,2,1
304,3.0,1,1,1,1,1,1,0,0,0,0,0,0,0,0,0,1,7,1,1
305,2.0,1,1,1,1,0,0,0,0,0,1,0,0,0,0,1,2,18,2,1
306,2.0,1,1,1,1,1,1,1,0,0,0,0,0,0,0,1,2,7,2,0
307,2.0,1,1,1,1,1,0,0,0,0,0,0,0,0,0,1,2,7,2,1
308,2.0,1,1,1,1,1,1,1,1,1,0,0,0,0,0,1,1,7,2,1
309,1.0,1,1,1,1,1,0,0,0,0,0,0,0,0,0,1,3,7,1,1
310,3.0,1,0,1,0,0,0,0,0,0,0,1,0,0,0,1,2,15,1,1
311,2.0,1,1,1,1,1,1,1,0,0,0,0,0,0,0,1,3,7,2,1
312,1.0,3,0,1,1,1,0,0,1,0,0,1,0,1,0,0,3,7,2,1
313,2.0,1,0,1,1,0,0,0,0,0,1,0,0,0,0,1,5,7,2,1
314,3.0,1,1,1,1,0,0,0,1,0,0,0,0,0,0,1,4,18,1,0
315,1.0,2,1,0,0,0,0,0,0,0,0,0,1,0,0,0,1,18,1,1
316,4.0,2,1,1,0,1,0,0,0,0,0,0,1,0,0,0,6,18,1,1
317,2.0,1,1,1,1,1,1,1,0,0,0,0,0,0,0,0,4,18,1,1
318,1.0,2,1,1,1,1,0,0,0,0,0,0,1,0,0,1,3,7,1,1
319,3.0,1,1,1,1,1,1,0,1,0,0,0,0,0,0,0,1,18,1,1
320,3.0,1,1,1,1,1,0,0,1,0,1,0,0,0,0,0,3,18,1,1
321,2.0,1,1,1,1,1,1,1,1,1,0,0,0,0,0,1,2,18,1,1
322,3.0,1,1,0,0,1,1,1,0,0,0,0,0,0,0,0,3,7,1,1
323,2.0,1,1,1,1,1,1,0,0,0,0,0,0,0,0,1,2,7,1,1
324,1.0,2,0,1,0,1,0,1,0,0,0,0,0,1,0,0,3,18,1,1
325,2.0,1,1,1,1,1,1,1,0,1,1,0,0,0,0,1,2,18,2,1
326,2.0,1,1,1,1,1,1,0,0,0,0,0,0,0,0,0,2,7,1,1
327,3.0,3,0,1,1,1,1,0,0,1,0,0,0,1,0,1,3,7,1,1
328,3.0,1,1,1,1,1,1,0,1,0,0,0,0,0,0,1,3,18,2,1
329,3.0,1,1,1,1,0,1,1,0,0,0,0,0,0,0,1,3,18,2,0
330,1.0,2,1,1,0,0,1,0,0,0,0,0,1,0,0,0,2,7,1,1
331,1.0,1,1,1,1,1,0,0,0,0,0,0,0,0,0,0,2,7,1,1
332,3.0,1,1,1,0,0,1,1,1,0,0,0,0,0,0,1,3,18,2,1
333,2.0,1,1,1,1,0,1,0,0,0,0,0,0,0,0,0,2,7,2,1
334,3.0,1,1,1,1,1,0,1,0,0,0,0,0,0,0,1,2,7,2,1
335,1.0,1,1,1,1,1,1,0,0,0,0,0,0,0,0,1,1,7,2,1
336,2.0,1,1,1,1,1,1,1,0,1,0,0,0,0,0,1,6,18,2,1
337,2.0,1,0,1,1,1,1,1,0,0,0,0,0,0,0,1,3,7,2,1
338,4.0,1,1,1,1,1,1,0,0,0,0,0,0,0,0,1,2,7,2,1
339,2.0,1,1,1,1,1,0,0,0,0,0,0,0,0,0,0,1,7,1,1
340,2.0,1,1,1,1,1,1,1,1,0,0,0,0,0,0,1,2,7,2,1
341,3.0,1,1,1,0,1,1,0,1,0,0,0,0,0,0,1,1,7,2,1
342,2.0,1,1,1,1,1,1,1,1,0,0,0,0,0,0,0,3,7,2,1
343,3.0,1,1,1,1,1,1,0,0,0,0,0,0,0,0,1,1,7,2,1
344,2.0,1,0,1,1,1,1,0,1,0,0,1,0,0,0,0,2,7,1,1
345,1.0,2,1,0,0,0,0,0,0,0,0,0,1,0,0,0,2,15,1,1
346,2.0,1,1,1,1,1,1,1,0,0,0,0,0,0,0,0,2,7,1,1
347,2.0,1,0,1,1,0,0,0,0,0,0,0,0,0,0,1,1,7,1,1
348,2.0,1,0,1,1,1,1,0,1,0,0,1,0,0,0,1,2,7,2,1
349,3.0,1,1,1,1,1,1,1,0,0,0,0,0,0,0,1,2,7,1,1
350,2.0,1,1,1,0,1,1,1,0,0,0,0,0,0,0,1,2,18,1,1
351,1.0,2,0,1,0,0,0,0,0,0,0,0,1,0,0,0,2,15,1,0
352,2.0,2,0,1,0,0,0,0,0,0,1,0,1,0,0,0,4,15,1,1
353,3.0,1,0,1,1,0,0,0,0,1,0,0,0,0,0,0,3,15,2,1
354,1.0,2,1,1,1,0,1,1,0,0,0,0,1,1,0,1,4,15,2,1
355,2.0,1,0,1,1,1,0,0,0,0,0,0,0,0,0,1,1,15,2,1
356,3.0,2,1,1,1,1,1,0,0,0,1,0,1,0,0,1,3,18,2,1
357,4.0,1,0,1,0,0,0,0,0,0,1,0,0,0,0,0,6,15,2,1
358,1.0,2,1,1,1,1,0,0,0,0,0,0,1,0,0,0,4,15,1,1
359,2.0,1,0,1,1,1,1,1,0,0,0,0,0,0,0,1,4,15,2,1
360,1.0,1,1,1,1,1,1,1,0,0,0,0,0,0,0,0,3,18,2,1
361,3.0,1,0,1,1,0,0,0,0,0,0,0,0,0,0,1,2,15,1,1
362,2.0,1,1,1,1,1,1,0,0,0,0,0,0,0,0,1,3,18,1,1
363,2.0,1,1,1,1,1,1,0,0,0,0,0,0,0,0,0,2,18,2,1
364,1.0,2,0,1,0,1,1,0,0,0,0,0,0,0,1,0,4,15,1,1
365,3.0,3,1,1,1,1,0,0,0,0,0,0,0,1,0,0,1,18,1,1
366,2.0,1,1,1,1,1,1,1,0,0,0,0,0,0,0,1,3,18,2,1
367,1.0,2,1,1,0,0,0,0,0,1,0,0,0,1,0,0,3,18,2,1
368,1.0,2,1,1,1,1,0,0,0,0,0,0,0,1,0,0,4,15,2,1
369,1.0,1,1,1,0,0,0,0,0,0,0,0,0,0,0,1,1,18,1,1
370,4.0,1,1,1,1,1,1,1,0,0,0,1,0,0,0,1,5,18,1,1
371,4.0,1,1,1,0,1,0,1,0,0,0,1,0,0,0,0,5,18,1,1
372,4.0,1,1,1,0,0,0,1,0,0,0,1,0,0,0,0,2,18,1,1
373,3.0,1,1,1,0,1,0,1,0,0,1,0,0,0,0,0,6,18,1,1
374,2.0,1,1,1,1,1,1,0,1,0,0,1,0,0,0,1,3,18,1,1
375,3.0,1,1,1,0,0,0,0,0,0,0,0,0,0,0,1,2,18,2,1
376,4.0,1,1,1,1,1,0,0,0,0,0,0,0,0,0,0,3,18,1,1
377,2.0,1,0,1,1,1,1,0,1,0,0,0,0,0,0,1,2,18,2,1
378,3.0,1,1,1,0,1,1,0,0,0,0,0,0,0,0,0,5,18,1,1
379,4.0,1,1,1,1,0,0,0,0,0,0,1,0,0,0,0,2,18,2,1
380,1.0,3,1,1,1,1,0,0,0,0,0,0,0,1,0,0,3,18,1,1
381,3.0,1,1,1,1,1,1,0,1,0,0,0,0,0,0,1,3,18,2,1
382,2.0,1,1,1,1,1,0,0,1,0,0,1,0,0,0,1,1,18,1,1
383,4.0,1,1,1,1,0,0,0,0,0,0,1,0,0,0,0,1,18,2,1
384,3.0,1,1,1,0,0,1,0,0,1,0,0,0,0,0,0,2,18,2,1
385,1.0,1,1,1,1,1,1,1,1,1,0,1,0,0,0,1,5,18,1,1
386,2.0,1,1,1,1,1,1,1,0,0,0,0,0,0,0,1,2,18,1,1
387,1.0,2,0,1,1,1,1,1,0,0,0,0,1,0,0,1,3,15,1,1
388,3.0,1,1,1,1,0,1,0,1,0,0,0,0,0,0,0,2,18,2,1
389,2.0,1,1,1,1,1,1,1,1,0,0,1,0,0,0,0,5,18,1,1
390,2.0,1,1,1,1,1,1,1,1,0,0,1,0,0,0,1,5,18,2,1
391,1.0,1,1,1,1,1,1,1,1,0,0,0,0,0,0,0,4,18,2,1
392,2.0,1,1,1,1,1,1,1,1,0,1,1,0,0,0,1,4,18,2,1
393,3.0,1,1,1,1,1,1,1,1,0,0,1,0,0,0,1,5,18,2,1
394,1.0,2,0,0,0,1,0,0,0,0,0,0,1,0,0,0,2,15,1,0
395,1.0,2,0,1,0,0,0,0,0,0,0,0,1,1,0,1,6,15,1,1
396,3.0,1,1,1,1,1,1,0,0,0,0,0,0,0,0,1,3,15,2,1
397,1.0,1,0,1,0,1,0,0,0,1,0,0,0,0,0,0,2,15,1,0
398,3.0,1,1,1,1,1,1,0,0,0,0,0,0,0,0,1,1,18,2,1
399,1.0,2,0,0,0,0,0,0,0,0,0,0,1,0,0,0,2,15,1,1
400,2.0,1,1,1,1,1,0,1,0,0,0,0,0,0,0,1,3,7,2,1
401,1.0,1,0,1,0,0,0,0,0,0,0,0,0,0,0,1,6,15,1,1
402,2.0,1,1,1,1,1,1,0,1,0,0,0,0,0,0,0,5,18,2,1
403,2.0,1,1,1,1,1,0,0,1,1,0,0,0,0,0,1,7,18,2,0
404,4.0,3,0,1,0,0,0,0,0,0,0,0,0,1,0,0,5,18,1,1
405,1.0,2,0,1,0,0,0,0,0,0,1,1,1,0,1,0,3,15,1,1
406,3.0,2,1,1,1,1,1,1,0,0,0,0,1,0,0,1,2,18,2,1
407,4.0,1,1,1,1,1,1,0,0,0,0,0,0,0,0,1,3,15,1,1
408,2.0,1,1,1,1,1,0,1,1,0,0,0,0,0,0,0,2,18,1,1
409,1.0,1,0,1,0,0,0,0,0,0,0,0,0,0,0,1,2,15,1,1
410,2.0,1,1,1,0,1,1,1,0,0,0,0,0,0,0,1,6,18,1,1
411,3.0,1,1,1,0,1,0,0,1,1,0,0,0,0,0,1,3,18,2,1
412,2.0,1,0,1,0,0,0,0,0,0,0,0,0,0,0,0,2,7,2,1
413,3.0,3,0,1,1,1,1,1,0,0,0,0,1,1,1,1,2,7,1,1
414,2.0,1,0,1,1,0,1,0,0,0,0,1,0,0,0,1,4,7,2,1
415,2.0,1,0,1,1,1,1,1,0,0,0,1,0,0,0,1,3,7,2,1
416,3.0,1,1,1,1,1,1,0,1,1,0,1,0,0,0,1,1,18,2,1
417,2.0,1,1,1,0,1,0,1,0,1,0,0,0,0,0,0,4,18,2,0
418,2.0,1,0,1,1,1,1,1,0,0,0,0,0,0,0,1,3,18,2,1
419,4.0,1,1,1,1,1,1,1,0,0,0,0,0,0,0,1,1,18,2,1
420,4.0,1,1,1,1,0,1,0,0,0,0,0,0,0,0,1,4,18,1,1
421,3.0,1,1,1,1,1,1,1,0,0,0,0,0,0,0,1,2,18,2,1
422,4.0,1,1,1,0,0,0,0,0,1,0,1,0,0,0,0,1,18,1,1
423,4.0,1,1,1,1,1,1,1,0,0,0,0,0,0,0,0,2,18,2,1
424,1.0,1,1,1,1,1,1,1,1,0,0,0,0,0,0,1,1,18,2,1
425,1.0,2,0,1,0,0,0,0,0,0,0,0,1,0,0,0,1,18,1,1
426,2.0,1,1,1,1,1,0,0,0,0,0,1,0,0,0,1,4,7,2,1
427,3.0,1,1,1,1,0,0,0,0,0,0,1,0,0,0,1,1,18,1,1
428,4.0,2,0,1,0,0,0,0,0,0,0,0,1,0,0,0,7,18,1,1
429,2.0,1,1,1,1,1,1,1,1,0,1,1,0,0,1,1,2,7,1,1
430,4.0,1,1,1,1,0,0,0,0,0,0,1,0,0,0,1,1,18,2,1
431,3.0,1,0,1,1,1,1,0,0,0,0,0,0,0,0,1,2,7,2,1
432,2.0,1,1,1,1,0,0,0,0,0,0,0,1,0,0,0,1,18,2,1
433,2.0,1,0,1,1,1,1,0,0,0,0,1,0,0,0,1,3,7,1,1
434,1.0,1,0,1,1,1,1,0,0,0,0,0,0,0,0,1,3,7,1,1
435,2.0,1,1,1,1,1,0,0,0,0,0,0,0,0,0,0,1,18,2,1
436,2.0,1,1,1,1,0,0,1,0,0,1,0,0,0,0,0,2,18,2,1
437,3.0,1,1,1,1,1,0,0,0,0,0,0,0,0,0,1,1,7,2,1
438,2.0,1,0,1,1,1,0,0,0,0,0,1,0,0,0,1,2,7,2,1
439,1.0,1,1,1,1,0,0,0,0,0,0,0,0,0,0,0,1,18,2,1
440,2.0,1,1,1,1,0,0,0,0,0,0,0,1,0,0,1,1,18,1,1
441,2.0,1,1,1,1,1,0,0,0,0,0,1,0,0,0,1,3,7,1,0
442,2.0,1,0,1,1,1,1,1,0,0,0,0,0,0,0,1,2,15,2,1
443,1.0,1,0,1,1,1,0,0,0,0,0,0,0,0,0,0,5,7,1,1
444,2.0,3,0,1,0,0,0,0,0,0,0,0,0,1,0,1,1,18,1,1
445,3.0,3,0,1,1,1,1,0,0,0,0,0,0,1,0,0,3,7,2,1
446,1.0,1,1,1,1,1,0,1,0,0,0,0,0,0,0,0,2,7,2,1
447,2.0,3,1,1,0,1,0,0,0,0,0,0,0,1,0,0,5,15,2,1
448,3.0,2,1,1,1,1,0,1,0,0,0,0,1,0,0,0,1,18,1,1
449,3.0,1,1,1,1,1,1,0,1,0,1,0,0,0,0,1,3,7,2,0
450,2.0,1,0,1,0,1,0,0,0,0,1,0,1,0,0,0,3,15,1,1
451,3.0,1,1,1,1,1,0,1,0,1,0,1,0,0,0,1,5,7,2,1
452,3.0,3,0,1,1,0,0,1,0,0,0,1,0,1,0,0,1,7,2,1
453,3.0,1,1,1,1,1,1,1,1,0,0,0,0,0,0,0,2,18,2,1
454,1.0,2,0,0,0,0,0,0,0,0,0,0,1,0,0,0,5,15,1,1
455,2.0,1,0,1,0,1,1,0,0,0,0,0,0,0,0,0,1,15,1,0
456,1.0,1,0,1,0,0,1,1,1,0,0,0,0,0,0,0,2,7,2,1
457,2.0,1,0,1,0,1,1,0,0,0,0,0,0,0,0,1,1,7,1,1
458,2.0,1,1,1,1,1,0,0,0,0,0,0,0,0,0,0,5,15,2,1
459,3.0,1,0,1,1,1,1,1,0,0,0,0,0,0,0,0,2,7,2,1
460,2.0,1,1,1,1,1,1,0,1,0,0,1,0,0,0,1,1,7,2,1
461,2.0,1,0,1,1,1,0,0,0,0,1,0,0,0,0,1,4,15,2,1
462,1.0,2,1,1,0,0,0,0,0,0,0,0,1,0,0,0,1,18,2,1
463,1.0,1,1,1,1,1,1,1,0,1,0,1,0,0,0,1,4,7,1,1
464,3.0,1,0,1,1,1,1,1,1,0,0,0,0,0,0,0,2,7,1,1
465,2.0,1,0,1,1,1,0,1,0,0,0,0,0,1,0,1,4,15,2,1
466,3.0,3,1,1,1,1,1,1,0,0,0,0,0,0,0,1,3,18,2,1
467,3.0,1,1,1,1,1,1,1,0,0,0,0,0,0,0,0,1,7,1,1
468,3.0,1,1,1,1,1,1,1,0,0,0,0,0,0,0,0,3,7,2,1
469,3.0,1,1,1,0,0,1,0,0,0,0,0,0,0,0,0,2,18,1,1
470,2.0,1,1,1,1,1,1,1,1,0,0,0,0,0,0,1,2,18,1,1
471,3.0,1,0,1,1,1,1,0,1,0,0,0,0,0,0,1,2,7,2,1
472,3.0,1,1,1,1,1,1,1,0,1,0,0,0,0,0,1,1,7,1,1
473,2.0,2,1,1,1,1,1,0,0,0,0,0,1,0,0,1,2,18,1,1
474,2.0,1,0,1,1,1,1,0,1,0,0,0,0,0,0,1,5,18,2,1
475,3.0,1,1,1,1,1,1,1,0,0,0,0,0,0,0,1,3,18,1,1
476,2.0,1,0,1,1,1,1,1,0,0,0,0,0,0,0,1,2,7,2,1
477,3.0,1,1,1,1,1,1,1,0,0,1,0,0,0,0,1,6,18,2,1
478,2.0,1,1,1,1,1,1,0,0,0,0,0,0,0,0,1,1,18,1,1
479,2.0,1,0,1,1,1,0,1,1,1,0,0,0,0,0,0,2,7,1,1
480,1.0,2,0,1,0,0,0,0,0,0,0,0,1,0,0,0,7,15,1,1
481,5.0,1,1,1,1,1,0,0,0,0,0,0,0,0,0,1,1,18,1,1
482,2.0,1,0,1,1,1,1,1,1,0,0,0,0,0,0,1,2,18,2,0
483,2.0,1,0,1,1,1,1,1,0,0,0,0,0,0,0,1,1,7,1,1
484,2.0,2,1,1,1,1,0,0,0,0,0,0,1,0,0,0,5,15,2,1
485,3.0,1,1,1,1,1,1,0,0,0,0,0,0,0,0,1,1,18,2,1
486,1.0,1,1,1,1,1,1,0,0,0,0,0,0,0,0,1,2,18,2,1
487,4.0,3,0,1,0,0,0,0,0,0,0,0,0,1,0,0,5,15,1,0
488,4.0,2,1,0,0,1,0,0,0,0,0,0,1,0,0,0,2,15,1,1
489,2.0,1,1,1,0,0,0,0,0,0,1,0,0,0,0,0,5,15,2,0
490,3.0,1,1,1,1,1,0,0,0,0,0,0,0,0,0,0,2,18,2,1
491,1.0,2,0,1,0,0,0,0,0,0,0,0,1,0,0,0,5,15,1,1
492,2.0,1,1,1,0,0,0,0,0,0,0,1,0,0,0,1,2,15,2,1
493,2.0,1,0,1,0,0,0,0,0,0,1,0,0,0,0,0,5,15,1,1
494,2.0,2,0,0,0,0,0,0,0,0,0,0,1,0,0,0,1,15,1,1
495,1.0,1,0,1,1,1,1,0,0,0,1,1,0,0,0,1,2,15,2,1
496,2.0,1,0,1,0,0,0,0,0,0,1,0,0,0,0,0,2,15,1,1
497,2.0,1,0,1,1,0,0,0,0,0,0,0,0,0,0,0,3,15,1,1
498,2.0,1,0,1,0,1,0,1,0,0,1,0,0,0,0,0,3,15,1,0
499,1.0,1,0,1,1,1,0,1,0,0,0,0,0,0,0,0,3,15,2,1
500,1.0,1,0,1,0,0,0,0,0,0,1,1,0,0,0,1,3,15,2,1
501,1.0,1,1,1,0,1,0,0,0,0,0,0,0,0,0,0,5,15,2,1
502,4.0,1,1,1,1,1,1,1,1,0,0,0,0,0,0,1,1,18,2,1
503,3.0,1,0,1,1,1,0,1,0,0,0,0,0,0,0,1,2,15,1,1
504,2.0,1,0,0,1,1,0,1,0,0,0,0,0,0,0,0,1,15,1,0
505,4.0,1,1,1,1,1,0,1,0,0,0,0,0,0,0,1,4,18,1,1
506,4.0,1,1,1,1,1,1,1,0,0,0,0,0,0,0,1,4,18,1,1
507,4.0,2,0,1,1,0,0,0,0,0,0,0,1,0,0,0,2,15,1,1
508,1.0,3,0,1,1,0,1,0,0,0,0,0,0,1,0,0,2,15,1,1
509,2.0,1,1,1,1,1,1,0,0,0,1,0,0,0,0,1,3,18,2,1
510,1.0,1,1,1,0,1,0,0,0,0,0,0,0,0,0,0,6,7,1,1
511,2.0,2,1,1,0,1,0,1,0,0,0,0,1,0,0,1,1,18,1,1
512,3.0,3,0,1,1,1,1,1,0,0,0,0,0,1,0,1,2,18,1,1
513,2.0,1,0,1,1,0,1,0,1,0,0,0,0,0,0,1,2,7,2,1
514,4.0,1,0,1,0,1,1,0,0,0,0,0,0,0,0,1,3,18,2,0
515,2.0,1,0,1,1,1,0,1,0,0,0,0,0,0,0,1,4,7,1,1
516,2.0,1,0,1,1,1,0,1,0,0,1,0,0,1,0,0,2,7,2,1
517,2.0,1,0,1,1,0,0,0,1,0,0,0,0,0,0,0,2,7,2,1
518,1.0,2,1,1,1,0,0,1,0,0,0,0,1,0,0,1,2,18,2,1
519,3.0,1,1,1,1,1,0,1,0,0,0,0,0,0,0,0,1,18,1,0
520,2.0,1,1,1,1,1,0,1,0,0,0,0,0,0,0,0,3,18,1,1
521,2.0,1,0,1,0,0,1,0,0,0,0,0,0,0,0,1,3,7,2,1
522,3.0,1,0,1,1,1,1,0,0,0,0,0,0,0,0,0,2,18,1,1
523,4.0,1,1,1,1,1,0,0,0,0,0,0,0,0,0,0,4,18,2,1
524,2.0,1,0,1,1,1,0,1,0,0,0,0,0,0,0,1,2,7,2,1
525,1.0,3,0,1,0,1,1,1,0,0,0,0,1,1,0,1,3,18,1,1
526,2.0,1,1,1,0,1,1,0,0,0,0,0,0,0,0,0,1,18,2,1
527,2.0,1,0,1,1,1,1,1,0,0,0,0,0,0,0,1,2,7,2,1
528,2.0,1,1,1,0,1,1,0,0,0,0,0,0,0,0,0,1,18,1,1
529,3.0,1,0,1,1,1,0,1,0,0,0,0,0,0,0,1,2,7,2,1
530,1.0,1,0,1,1,1,1,0,0,0,0,0,0,0,0,0,2,7,2,0
531,3.0,1,1,1,1,1,1,0,0,0,0,0,0,0,0,1,2,18,2,1
532,1.0,1,0,1,0,0,0,0,0,0,0,0,0,0,0,0,1,7,2,1
533,1.0,1,0,1,1,1,0,0,0,0,0,1,0,0,0,1,2,7,2,1
534,2.0,1,0,1,1,0,1,1,0,0,1,0,0,0,0,0,1,7,1,1
535,3.0,1,1,1,1,1,1,1,1,1,1,0,0,0,0,0,2,18,1,1
536,3.0,1,1,1,1,1,1,0,0,0,0,0,0,0,0,1,2,18,2,1
537,2.0,2,0,1,0,1,0,0,0,0,0,0,1,0,0,0,2,7,2,1
538,2.0,1,1,1,1,0,1,0,1,0,0,0,0,0,0,0,2,18,1,1
539,3.0,2,1,1,1,1,1,0,0,0,0,0,1,0,0,1,2,18,2,0
540,3.0,1,0,1,1,1,1,0,0,1,0,0,0,0,0,1,4,7,1,1
541,4.0,2,1,1,1,1,0,0,0,0,0,1,1,1,0,1,4,18,1,1
542,2.0,1,1,1,1,1,0,0,0,1,0,0,0,0,0,0,1,15,2,1
543,2.0,1,1,1,0,1,0,0,0,0,0,0,0,0,0,0,4,18,2,1
544,1.0,1,1,1,1,1,1,1,0,0,0,0,1,0,0,0,5,18,1,1
545,3.0,1,1,1,0,1,1,0,1,0,0,0,1,0,0,1,4,18,1,1
546,4.0,2,0,1,0,1,0,1,1,0,0,0,1,0,0,0,4,18,1,1
547,1.0,1,1,1,0,0,1,0,0,0,0,0,0,0,0,1,5,18,2,1
548,2.0,1,0,1,1,1,1,0,0,0,0,0,0,0,0,1,3,18,2,1
549,2.0,1,0,1,1,0,0,0,0,0,0,1,0,0,0,1,3,7,2,1
550,2.0,1,0,1,0,1,1,0,1,0,0,0,0,0,0,0,1,15,1,0
551,2.0,1,1,1,1,1,1,1,1,0,0,0,0,0,0,1,1,18,2,1
552,2.0,1,0,1,1,0,0,0,0,0,0,1,0,0,0,1,2,7,2,1
553,2.0,1,0,1,0,1,0,1,0,0,0,0,0,0,0,0,2,7,2,1
554,2.0,1,0,1,0,1,0,0,0,0,1,0,0,0,0,1,1,15,1,1
555,2.0,1,1,1,1,0,0,0,0,0,0,0,0,0,0,0,2,7,2,1
556,1.0,2,0,0,0,0,0,0,0,0,0,0,1,0,0,0,1,7,1,1
557,2.0,1,0,1,1,0,1,0,0,1,0,0,0,0,0,1,1,7,2,1
558,1.0,1,1,1,1,0,0,0,0,0,0,0,0,0,0,0,1,7,2,1
559,2.0,1,0,1,1,1,0,0,0,1,0,0,0,0,0,1,1,7,1,1
560,3.0,1,0,1,1,1,1,1,0,0,0,0,0,0,0,1,2,7,1,1
561,3.0,1,1,1,1,1,1,1,1,1,0,0,0,0,0,1,1,18,1,1
562,1.0,1,0,1,0,0,0,0,1,1,0,0,0,0,0,0,2,7,1,0
563,1.0,1,1,1,1,1,1,1,0,0,0,0,0,0,0,1,1,7,2,1
564,1.0,1,1,1,1,0,0,0,0,0,0,0,0,0,0,0,1,18,1,1
565,1.0,1,0,1,1,1,0,0,0,0,0,0,0,0,0,0,3,15,1,1
566,1.0,2,0,1,0,0,0,0,0,0,0,0,1,0,0,0,1,18,1,1
567,1.0,1,0,0,0,0,0,0,0,0,1,0,0,0,0,0,6,15,2,1
568,2.0,1,1,1,1,1,0,0,0,0,0,0,0,0,0,0,3,18,1,1
569,2.0,2,0,0,0,0,0,0,0,0,0,0,1,0,0,0,1,18,1,1
570,1.0,1,0,0,1,0,0,0,0,0,0,0,0,0,0,0,1,15,2,1
571,2.0,1,1,1,1,0,0,0,0,1,0,0,0,0,0,0,3,18,1,1
572,2.0,1,1,1,0,1,0,0,0,0,0,0,0,0,0,0,3,18,2,1
573,1.0,3,0,1,0,0,0,0,0,0,0,0,0,1,0,0,6,15,1,0
574,1.0,1,1,1,1,0,1,0,1,0,0,0,0,0,0,1,3,18,1,1
575,2.0,1,0,1,0,0,0,0,0,0,1,0,0,0,0,0,6,15,2,1
576,1.0,3,1,1,1,1,1,0,0,0,1,0,1,1,1,1,3,15,2,1
577,2.0,2,0,0,0,0,0,0,0,0,0,0,1,0,0,0,1,15,1,1
578,2.0,1,1,1,1,1,0,1,0,1,0,0,0,0,0,0,2,18,1,1
579,2.0,1,0,1,1,1,0,0,0,0,0,0,0,0,0,1,2,15,1,1
580,1.0,1,0,1,1,1,1,0,0,1,0,0,0,0,0,1,5,15,2,1
581,3.0,1,1,1,1,1,1,0,0,0,0,0,0,0,0,0,4,15,1,1
582,2.0,2,0,0,0,0,0,0,0,0,0,0,1,0,0,0,2,15,1,1
583,1.0,2,1,1,0,0,0,0,0,0,1,0,1,0,1,0,3,15,1,1
584,1.0,1,1,1,1,0,0,0,0,0,0,0,0,0,0,0,4,15,2,1
585,1.0,1,0,1,0,1,0,1,0,0,0,0,0,0,0,0,3,15,1,0
586,2.0,1,1,1,0,0,0,0,0,1,0,0,0,0,0,0,2,15,2,0
587,3.0,1,0,1,0,1,0,0,1,0,0,0,0,0,0,1,5,15,1,1
588,1.0,2,1,1,0,1,1,0,0,0,1,0,1,0,1,0,6,15,1,1
589,1.0,1,1,1,1,1,0,0,0,0,0,0,0,0,0,1,5,15,2,1
590,2.0,1,0,1,1,1,1,1,0,0,0,0,0,0,0,0,5,15,2,1
591,1.0,3,0,1,1,1,0,1,0,0,0,0,0,1,0,1,2,15,2,1
592,1.0,4,0,1,1,1,0,1,0,0,0,0,1,0,0,1,2,15,2,1
593,2.0,1,1,1,1,1,1,0,0,0,0,0,0,0,0,0,4,15,2,1
594,3.0,1,1,1,0,1,1,0,0,0,1,0,0,0,0,1,6,15,1,1
595,1.0,1,0,1,1,0,1,0,0,1,0,0,0,0,0,1,5,15,2,1
596,1.0,2,0,1,1,1,0,1,0,1,0,0,1,0,0,0,2,15,1,1
597,1.0,1,0,1,0,1,0,0,0,0,0,0,0,1,0,0,6,15,2,0
598,2.0,1,1,1,1,0,1,0,0,0,1,0,0,0,0,1,6,15,2,1
599,1.0,2,0,0,0,0,0,0,0,0,0,0,1,0,0,0,1,15,1,1
600,4.0,2,0,0,1,0,0,0,0,0,0,0,1,0,0,1,2,15,1,1
601,1.0,2,0,0,0,1,0,0,0,0,0,0,1,0,0,1,3,15,1,1
602,1.0,2,0,0,0,0,0,0,0,0,0,0,1,0,0,0,3,15,1,1
603,1.0,2,0,1,0,0,0,0,0,0,0,0,1,0,0,0,3,15,2,1
604,4.0,2,0,1,0,0,0,0,0,0,0,0,1,0,0,0,1,15,1,1
605,1.0,2,0,1,1,1,0,0,0,0,0,0,1,1,1,0,2,15,1,1
606,3.0,1,0,1,1,1,0,0,1,0,0,0,0,0,0,0,6,18,1,0
607,1.0,2,1,1,0,0,0,0,0,0,0,0,1,0,0,0,4,15,1,1
608,1.0,2,1,1,0,1,0,0,0,0,0,0,1,0,0,1,2,18,2,1
609,2.0,1,1,1,1,1,1,1,0,0,0,0,0,0,0,0,3,15,1,1
610,3.0,1,1,1,1,0,0,0,0,0,0,0,0,0,0,0,1,7,1,1
611,3.0,1,1,1,1,1,1,0,1,0,0,1,0,0,0,1,2,18,1,1
612,2.0,1,1,1,1,1,0,0,0,0,0,0,0,0,0,0,2,15,2,0
613,2.0,1,1,1,1,0,0,0,0,0,0,0,0,0,0,0,1,7,2,1
614,3.0,1,1,1,0,1,0,1,0,0,0,0,0,0,0,0,2,18,1,1
615,1.0,2,0,1,0,0,0,0,0,0,0,0,1,0,0,0,3,15,1,0
616,4.0,1,1,1,1,1,1,0,0,0,0,0,0,0,0,0,1,7,1,1
617,2.0,1,0,1,1,0,0,0,0,0,0,0,0,0,0,1,3,18,2,1
618,2.0,1,0,1,1,1,0,0,0,0,1,0,0,0,1,1,1,7,1,1
619,1.0,1,1,1,0,0,1,0,1,0,0,0,0,0,0,1,4,18,2,1
620,1.0,1,1,1,1,1,0,0,0,0,0,0,0,0,0,0,1,15,2,1
621,1.0,1,0,1,1,1,0,1,0,1,0,0,0,0,0,0,2,7,2,1
622,4.0,1,1,1,1,1,1,1,1,1,1,0,0,0,0,1,3,18,2,1
623,1.0,1,0,1,1,0,0,0,0,0,0,0,0,0,0,1,3,15,1,1
624,4.0,1,1,1,0,1,0,0,0,0,0,0,0,0,0,1,3,7,1,1
625,1.0,1,0,1,0,1,1,0,1,1,0,0,0,0,0,1,2,7,2,0
626,1.0,1,1,1,1,0,0,0,0,0,1,0,0,0,0,1,6,15,1,0
627,2.0,1,0,1,0,1,1,0,0,1,0,0,0,0,0,0,2,7,2,1
628,2.0,1,0,1,1,0,0,0,0,0,1,1,0,0,0,1,2,7,2,1
629,1.0,1,0,1,1,1,0,0,0,0,0,0,0,0,0,0,6,15,2,1
630,4.0,1,1,1,0,1,1,1,1,0,0,1,1,0,0,0,1,18,1,1
631,2.0,1,0,1,1,1,0,1,0,0,0,0,0,0,0,1,1,7,2,1
632,2.0,1,1,1,0,1,1,1,1,1,0,0,0,0,0,0,1,18,1,1
633,1.0,2,0,1,1,1,1,1,0,0,0,1,1,0,1,1,6,7,1,1
634,1.0,2,0,1,0,0,0,0,0,0,0,0,1,0,0,0,2,7,1,1
635,2.0,1,0,1,1,1,0,1,0,0,0,0,0,0,0,1,1,7,1,1
636,1.0,1,0,1,0,0,1,0,0,0,1,0,0,1,0,0,6,15,2,1
637,2.0,1,0,1,1,1,0,0,0,0,1,0,0,0,0,0,3,15,1,1
638,2.0,1,0,1,0,1,0,0,0,1,0,0,0,0,0,0,2,7,2,1
639,3.0,1,1,1,1,1,0,0,0,0,0,0,0,0,0,1,5,15,1,1
640,1.0,1,0,1,1,0,0,0,0,0,0,0,0,1,0,0,1,18,2,1
641,2.0,1,1,1,1,1,0,0,0,0,1,0,0,0,0,0,3,15,1,1
642,1.0,3,0,1,1,1,1,1,0,0,0,0,1,1,0,1,2,15,1,1
643,5.0,1,1,1,0,1,1,1,0,0,1,1,0,0,0,0,5,18,1,1
644,4.0,1,1,1,1,1,1,0,1,0,0,1,0,0,0,0,4,18,1,1
645,4.0,2,1,1,1,1,0,0,0,0,0,0,1,0,0,0,2,18,1,1
646,3.0,1,1,1,1,1,0,0,0,0,0,0,0,0,0,1,2,18,2,1
647,1.0,1,0,1,1,0,0,0,0,0,1,0,0,0,0,1,6,15,2,1
648,4.0,1,1,1,1,1,1,0,0,0,0,0,0,0,0,0,2,18,2,1
649,4.0,2,1,1,1,1,1,1,0,0,0,0,1,0,0,1,3,15,2,1
650,2.0,1,1,1,1,1,0,0,0,0,0,0,0,0,0,1,3,18,2,1
651,2.0,2,1,1,1,1,0,0,0,0,0,0,1,0,1,1,3,15,1,0
652,3.0,1,0,1,0,0,0,0,0,0,1,0,0,0,0,0,5,15,1,1
653,3.0,1,1,1,1,1,1,0,1,0,0,0,0,0,0,1,1,18,2,1
654,2.0,1,1,1,1,0,0,0,0,0,0,0,0,0,0,0,1,15,1,1
655,1.0,3,0,1,1,0,0,0,0,0,0,0,0,1,0,1,4,15,2,1
656,3.0,1,1,1,1,0,0,0,0,0,0,0,0,0,0,0,2,15,2,1
657,1.0,1,0,1,0,0,0,0,0,0,1,0,0,0,0,0,3,15,2,1
658,2.0,1,1,1,1,1,1,1,1,0,0,0,0,0,0,1,5,18,2,1
659,1.0,2,0,0,1,0,0,0,0,0,0,0,1,0,0,1,1,15,1,1
660,3.0,1,1,1,0,0,0,0,1,0,0,1,0,0,0,1,5,18,1,1
661,2.0,1,0,1,1,1,1,1,0,0,0,0,0,0,0,1,3,18,2,1
662,4.0,2,0,1,1,1,1,0,0,1,0,0,0,0,0,0,5,7,1,1
663,2.0,1,1,1,1,1,1,1,0,0,0,0,0,0,0,1,5,18,2,0
664,1.0,2,1,1,1,0,0,0,0,0,0,0,0,0,1,0,2,7,1,1
665,2.0,1,1,1,1,1,1,0,0,0,0,0,0,0,0,0,4,18,1,1
666,3.0,1,0,1,1,1,0,0,0,0,0,0,0,0,0,0,3,7,2,1
667,3.0,1,1,1,0,1,1,0,0,0,0,1,1,1,0,1,4,7,2,1
668,1.0,2,1,0,0,0,0,0,0,0,0,0,1,0,0,0,2,15,1,1
669,2.0,1,1,1,1,1,1,1,0,0,1,0,0,0,0,0,3,18,1,1
670,2.0,1,1,1,0,1,1,1,0,0,0,0,0,0,0,1,2,7,1,0
671,2.0,1,1,1,1,1,1,1,0,0,0,0,0,0,0,1,2,7,1,1
672,3.0,1,0,1,1,1,1,0,0,0,0,0,0,0,0,1,4,18,1,1
673,2.0,1,1,1,1,1,0,0,0,1,0,0,0,0,0,1,2,7,2,1
674,3.0,1,0,1,1,1,1,1,1,0,0,0,0,0,0,1,1,7,1,1
675,1.0,2,0,1,0,0,0,0,0,0,0,0,1,0,0,0,5,15,1,1
676,3.0,1,0,1,1,1,1,1,0,1,0,0,0,0,0,1,1,7,2,1
677,2.0,1,0,1,0,1,0,0,0,1,0,0,0,0,0,0,2,18,2,1
678,1.0,1,0,1,1,0,0,0,0,0,0,0,0,0,0,1,5,18,2,1
679,1.0,1,0,1,0,1,0,0,0,0,0,0,0,0,0,1,1,15,1,1
680,4.0,2,0,0,0,0,0,0,0,0,0,0,1,0,0,0,2,18,1,1
681,2.0,1,0,1,1,1,1,0,0,0,1,0,0,0,0,1,6,15,2,1
682,3.0,1,0,1,1,1,1,1,0,1,0,0,0,0,0,1,1,18,1,1
683,2.0,1,0,0,0,0,0,0,0,0,1,0,0,0,0,0,6,15,1,1
684,1.0,1,1,1,0,0,0,0,0,0,0,0,0,0,0,0,3,15,1,1
685,3.0,1,1,1,0,0,1,0,0,0,1,1,0,0,0,0,2,18,2,1
686,2.0,2,0,1,0,1,0,1,0,0,0,0,1,0,0,0,2,15,2,1
687,3.0,1,1,1,1,0,1,0,0,0,0,1,0,0,0,0,1,18,2,1
688,2.0,3,0,1,0,1,1,1,0,0,0,0,0,0,0,1,1,15,2,1
689,4.0,2,1,1,1,0,1,0,0,0,0,0,0,0,0,1,1,18,1,0
690,1.0,1,0,0,1,1,0,1,0,0,0,0,0,0,0,1,2,15,1,1
691,1.0,1,0,1,0,1,0,1,0,0,0,0,0,0,0,0,1,15,1,1
692,4.0,1,1,1,1,0,0,0,0,0,1,0,0,0,0,0,1,18,1,1
693,3.0,1,1,1,0,0,1,0,0,0,0,0,0,0,0,0,2,15,1,1
694,2.0,1,1,1,0,1,0,0,0,0,0,0,0,0,0,0,1,18,1,1
695,1.0,2,0,0,0,0,0,0,0,0,0,0,1,0,0,0,2,15,1,1
696,2.0,1,0,1,1,1,0,0,0,0,0,0,0,0,0,1,1,18,1,1
697,3.0,1,1,1,1,1,1,1,0,1,0,0,0,0,0,1,2,15,1,1
698,3.0,1,1,1,1,1,1,0,0,1,0,0,0,0,0,1,2,15,2,1
699,1.0,2,0,0,0,0,0,0,0,0,0,0,1,0,0,0,2,15,1,0
700,2.0,1,0,1,0,0,0,0,0,0,1,0,0,0,0,1,5,15,2,1
701,3.0,1,0,1,0,1,0,0,0,0,0,0,0,0,0,1,2,15,2,1
702,3.0,1,0,1,1,1,0,0,1,0,0,0,0,0,0,0,5,18,2,1
703,3.0,1,1,1,1,1,0,0,0,0,0,0,0,0,0,1,1,15,1,1
704,2.0,1,1,1,1,1,1,1,0,1,1,0,0,0,0,1,2,15,2,1
705,3.0,1,0,1,1,0,0,0,1,0,0,0,0,0,0,0,3,18,2,1
706,2.0,3,0,1,1,0,0,0,0,0,0,0,1,1,0,0,5,15,1,0
707,2.0,1,0,1,1,1,1,0,0,0,0,0,0,1,0,1,1,18,1,1
708,1.0,1,0,1,1,1,0,1,0,1,0,0,0,0,0,1,2,15,2,0
709,2.0,1,0,1,0,0,0,0,0,0,1,0,0,0,0,0,3,15,1,0
710,1.0,1,0,1,0,0,0,0,0,0,1,0,0,0,0,0,2,15,2,1
711,2.0,1,0,1,0,1,1,0,0,0,1,0,0,0,0,1,6,15,1,1
712,1.0,1,1,1,1,1,0,1,0,1,1,0,0,0,0,0,1,15,2,1
713,1.0,2,0,1,0,1,0,0,0,0,0,0,1,0,1,0,2,15,1,1
714,2.0,2,0,1,0,0,0,1,0,0,0,1,1,0,0,0,5,15,2,1
715,1.0,1,1,1,1,0,1,0,0,0,0,0,0,0,0,0,3,15,2,1
716,2.0,1,0,1,1,0,0,0,0,1,0,0,0,0,0,0,6,15,2,1
717,2.0,1,1,1,0,1,1,1,0,0,1,0,0,0,0,0,6,15,2,1
718,1.0,2,0,1,0,1,0,0,0,0,0,0,1,1,0,1,2,15,1,0
719,2.0,1,0,1,1,0,0,0,0,0,0,0,0,0,0,0,2,15,2,1
720,1.0,1,0,1,1,0,0,0,0,1,0,0,0,0,0,1,5,15,1,1
721,2.0,1,0,1,1,0,1,0,0,0,1,0,0,0,0,1,1,18,1,1
722,1.0,1,1,1,0,1,0,0,0,0,0,0,0,0,0,1,1,15,2,0
723,2.0,1,0,1,1,0,1,0,0,0,0,0,0,0,0,0,3,18,2,1
724,2.0,1,1,1,1,1,1,1,0,0,0,0,0,0,0,1,6,18,1,0
725,3.0,1,0,1,0,1,1,0,0,0,0,0,0,0,0,1,5,18,2,1
726,1.0,1,0,1,0,0,0,0,0,0,0,1,1,0,0,0,2,15,1,1
727,3.0,1,0,1,0,1,0,1,1,0,0,0,0,0,0,0,5,18,1,1
728,1.0,1,1,1,0,0,0,0,1,0,0,1,0,0,0,1,6,15,2,1
729,3.0,1,0,1,0,0,1,0,1,0,0,0,0,0,0,1,5,18,1,1
730,4.0,2,1,1,0,0,0,0,0,0,0,0,1,0,0,0,2,15,1,0
731,1.0,2,0,1,1,0,0,0,0,1,0,0,1,0,0,0,4,18,2,1
732,2.0,1,0,1,1,1,1,1,0,0,0,0,0,0,0,1,3,15,2,0
733,4.0,2,0,1,1,1,0,0,0,0,0,0,1,0,0,0,2,18,2,1
734,3.0,1,0,1,0,0,0,1,0,0,1,0,0,0,0,0,5,15,1,1
735,2.0,1,0,0,0,0,0,0,0,0,1,0,0,0,0,0,5,15,1,1
736,2.0,1,0,1,1,1,1,1,1,0,0,0,0,0,0,0,4,18,2,1
737,1.0,1,1,1,0,1,0,0,0,1,0,0,0,0,0,1,4,15,1,1
738,4.0,1,1,1,0,0,1,0,0,0,0,0,0,0,0,1,5,18,1,1
739,4.0,1,0,1,0,1,0,0,0,0,0,1,0,0,0,0,1,15,1,1
740,3.0,1,1,1,1,1,0,1,0,0,1,0,0,0,0,1,3,15,1,1
741,2.0,1,1,1,0,0,0,1,0,1,0,0,0,0,0,1,2,15,1,1
742,1.0,1,0,1,1,1,1,1,0,1,0,0,0,0,0,1,3,18,1,1
743,4.0,1,0,1,0,1,0,1,1,0,0,0,0,0,0,0,6,18,1,1
744,2.0,1,0,1,0,1,0,1,1,0,0,0,0,0,0,0,2,15,1,1
745,1.0,1,0,1,0,1,0,0,0,0,1,0,0,0,0,1,6,15,2,1
746,1.0,1,0,1,1,1,0,1,0,0,0,1,0,0,0,1,2,18,2,1
747,1.0,2,1,1,0,0,0,0,0,0,1,0,1,0,0,0,6,15,1,1
748,2.0,1,1,1,0,1,0,1,0,0,1,0,0,0,0,1,2,15,2,0
749,2.0,1,0,1,0,0,0,0,0,0,1,0,0,0,0,0,1,15,1,1
750,1.0,2,0,1,1,0,0,0,0,1,1,0,0,1,0,0,2,15,2,1
751,2.0,1,0,1,1,1,1,1,0,0,0,1,1,1,0,1,2,15,1,1
752,4.0,2,1,1,0,1,1,0,1,0,0,0,1,0,0,0,1,15,1,1
753,1.0,1,1,1,1,0,0,1,0,0,0,0,0,0,0,1,2,15,2,1
754,1.0,2,0,1,0,0,0,0,0,0,0,0,1,0,0,0,5,15,1,1
755,3.0,1,0,1,0,1,0,1,0,0,1,0,0,0,0,1,5,15,1,1
756,1.0,1,0,0,1,0,0,0,0,0,0,0,0,0,0,0,1,15,1,1
757,3.0,1,0,1,0,0,0,0,0,0,1,0,0,0,0,0,5,15,2,1
758,2.0,1,0,1,0,1,0,0,0,0,1,0,0,0,0,0,5,15,1,1
759,2.0,1,0,1,0,0,0,0,0,0,1,0,0,0,0,0,4,15,1,0
760,4.0,2,0,1,0,0,1,0,0,0,0,0,1,0,0,0,5,15,1,1
761,1.0,1,0,1,0,0,0,0,0,0,1,0,0,0,0,0,7,15,1,0
762,2.0,1,0,1,0,1,0,0,0,0,1,0,0,0,0,0,3,15,2,0
763,2.0,1,1,1,1,0,1,1,1,0,0,0,0,0,0,1,3,15,2,1
764,1.0,1,0,1,0,0,0,0,0,0,1,0,0,0,0,0,6,15,2,1
765,2.0,1,0,1,1,1,0,1,0,0,0,0,0,0,0,1,2,15,1,0
766,1.0,2,0,1,0,1,1,1,0,0,0,0,1,0,0,0,5,15,1,1
767,2.0,1,0,1,0,0,0,1,0,0,1,0,0,0,0,0,5,15,1,1
768,1.0,1,0,1,1,0,0,0,0,0,1,0,0,0,0,1,5,15,1,0
769,3.0,1,1,1,0,1,0,1,0,0,0,0,0,0,0,1,2,15,1,0
770,2.0,1,1,0,1,1,0,0,1,0,0,1,0,0,0,1,3,18,2,1
771,1.0,1,1,1,0,0,0,0,0,0,0,0,0,0,0,0,1,15,1,0
772,4.0,1,1,1,1,1,1,1,1,0,0,0,0,0,0,1,2,18,1,1
773,3.0,3,0,1,0,0,0,0,0,0,0,0,0,1,0,0,1,18,1,1
774,4.0,2,1,1,1,1,1,0,0,1,0,1,1,0,0,1,6,15,1,1
775,2.0,1,0,1,1,1,1,1,0,0,0,0,0,0,0,0,3,18,2,1
776,2.0,1,1,1,1,0,0,1,0,0,0,0,0,0,0,1,3,15,2,1
777,4.0,1,0,1,1,1,1,1,0,0,0,0,0,0,0,1,3,18,2,1
778,2.0,1,0,1,0,1,1,1,0,0,0,0,0,0,0,0,4,18,2,1
779,4.0,2,0,1,0,1,1,0,0,0,0,1,1,0,0,1,6,15,1,1
780,2.0,1,0,1,1,0,1,0,0,0,0,0,0,0,0,0,2,18,1,1
781,2.0,2,0,1,1,0,1,0,0,0,1,0,1,0,1,1,3,18,1,1
782,4.0,2,1,1,1,1,0,0,0,0,0,0,1,1,0,0,3,15,1,1
783,1.0,2,0,1,1,1,1,1,0,1,1,1,1,0,0,1,4,18,2,1
784,4.0,3,0,1,0,0,0,0,0,0,1,0,0,1,0,0,3,18,2,0
785,4.0,2,0,1,1,1,1,0,0,0,0,0,1,0,0,0,2,18,1,1
786,2.0,1,1,1,0,1,0,1,0,0,0,0,0,0,0,1,3,18,2,1
787,3.0,1,1,1,1,1,1,0,1,0,0,0,0,0,0,0,2,18,2,1
788,2.0,1,0,1,0,1,1,1,0,0,0,0,0,0,0,1,4,15,1,0
789,3.0,1,1,1,1,1,0,1,0,0,0,0,0,0,0,1,2,18,1,1
790,3.0,1,1,1,1,1,1,0,0,0,0,1,0,0,0,1,3,18,2,1
791,3.0,1,0,1,0,1,1,1,0,0,0,0,0,0,0,1,6,18,1,1
792,1.0,1,1,1,0,0,0,0,0,0,1,0,0,0,0,0,7,15,2,1
793,3.0,1,0,1,0,1,1,0,0,0,0,0,0,0,0,0,2,18,1,1
794,1.0,1,1,1,1,1,0,0,0,0,0,0,0,0,0,0,2,18,2,1
795,1.0,1,0,1,1,1,1,1,0,0,1,0,0,0,0,0,6,15,2,1
796,1.0,1,0,1,0,1,1,1,0,0,0,0,0,0,0,0,3,18,2,1
797,1.0,2,1,1,0,0,0,0,0,0,0,0,1,0,0,0,5,15,1,1
798,3.0,1,1,1,1,1,1,0,0,0,0,0,0,0,0,0,3,15,1,1
799,1.0,1,1,1,1,1,1,1,1,0,0,1,0,0,0,1,2,18,2,1
800,4.0,2,0,1,0,1,1,1,0,1,1,0,0,0,0,1,3,15,1,1
801,1.0,1,0,1,0,0,1,0,0,1,0,0,0,0,0,1,3,15,1,1
802,1.0,1,0,1,1,1,0,1,0,0,1,0,0,0,0,0,6,15,2,1
803,2.0,1,0,1,0,0,0,0,0,0,1,0,0,0,0,0,2,15,2,0
804,1.0,2,0,1,1,0,0,1,0,0,0,0,1,0,0,0,2,15,2,1
805,1.0,1,0,1,1,0,0,1,0,0,1,0,0,1,0,1,2,15,1,1
806,4.0,2,0,1,1,1,0,0,0,0,0,0,1,0,0,0,2,15,1,1
807,1.0,1,0,1,1,1,1,0,0,0,0,1,0,0,0,1,4,15,1,1
808,1.0,1,1,1,1,0,0,0,0,0,0,0,0,0,0,1,6,15,1,1
809,1.0,1,0,1,1,1,0,0,1,0,0,0,0,0,0,1,4,15,1,0
810,1.0,2,0,1,0,0,0,0,0,1,0,0,1,0,0,1,6,15,1,0
811,2.0,1,0,1,0,1,0,0,1,0,0,0,0,0,0,0,4,15,1,1
812,4.0,2,0,1,0,0,0,0,0,0,0,0,0,1,0,0,3,15,1,1
813,1.0,1,1,1,1,1,1,0,1,0,0,0,0,0,0,0,2,18,2,1
814,2.0,1,1,1,1,0,0,0,0,0,1,0,0,0,0,1,5,15,2,1
815,2.0,1,0,1,0,0,0,0,0,0,1,0,0,0,0,0,6,15,2,1
816,3.0,2,1,1,1,1,1,0,0,0,0,0,1,0,0,1,5,18,1,1
817,3.0,1,1,1,0,1,1,1,0,1,0,0,0,0,0,0,1,15,1,1
818,1.0,2,0,1,1,1,1,0,0,0,0,0,1,1,0,1,3,18,2,1
819,1.0,1,0,1,1,1,0,0,0,0,0,0,0,1,0,0,1,18,2,1
820,1.0,2,0,1,1,1,1,0,0,0,0,0,1,0,0,1,2,18,1,1
821,3.0,1,1,1,1,1,1,1,0,0,0,0,0,0,0,1,2,18,2,1
822,1.0,1,0,1,0,1,0,0,0,0,0,0,0,0,0,1,1,15,2,1
823,2.0,1,1,1,0,0,0,0,0,0,0,0,0,0,0,1,2,15,1,1
824,2.0,1,0,1,1,1,1,0,0,0,0,0,0,0,0,0,4,18,2,1
825,3.0,1,1,1,1,1,0,1,0,0,0,0,0,0,0,0,3,18,2,1
826,4.0,2,0,1,1,1,0,0,0,0,0,0,1,0,0,0,4,18,2,1
827,1.0,2,0,1,0,1,1,0,0,0,0,0,1,0,1,0,4,18,1,1
828,4.0,3,0,1,1,1,1,0,0,0,0,0,1,1,1,0,5,15,1,0
829,4.0,1,0,1,1,1,0,1,0,0,0,0,0,0,0,1,5,18,1,1
830,3.0,1,1,1,1,1,1,1,0,0,0,0,0,0,0,0,4,18,1,1
831,3.0,1,0,1,1,1,1,0,0,0,0,0,0,0,0,0,3,18,1,1
832,1.0,2,0,1,0,0,0,0,0,0,0,0,1,1,1,0,2,18,2,1
833,2.0,1,0,1,1,1,0,0,0,0,0,0,0,0,0,1,2,15,2,1
834,3.0,1,0,1,1,1,1,0,0,0,0,0,0,1,0,1,3,18,1,1
835,1.0,1,0,1,1,0,1,0,0,0,1,0,0,0,0,1,3,15,2,1
836,1.0,1,0,1,0,1,0,0,0,0,0,0,0,0,0,1,3,15,1,0
837,1.0,3,0,1,1,0,0,0,0,1,0,1,0,1,0,1,5,15,1,1
838,4.0,2,0,1,1,0,0,0,0,0,0,0,1,0,0,0,2,15,1,0
839,1.0,1,1,1,1,1,1,1,1,0,1,0,0,0,0,1,2,15,2,1
840,1.0,3,0,1,1,1,1,1,0,0,0,0,1,1,0,0,3,15,1,0
841,4.0,2,0,1,0,1,0,1,0,1,0,0,1,0,0,1,2,18,2,1
842,3.0,1,0,1,1,1,1,0,0,0,0,0,0,0,0,1,2,18,1,1
843,1.0,1,0,1,0,1,1,0,0,0,0,0,0,0,0,1,2,18,1,1
844,1.0,2,0,1,0,1,1,1,1,0,1,1,1,0,0,1,3,18,2,1
845,1.0,1,1,1,1,0,1,0,1,0,0,0,0,0,0,0,5,18,2,1
846,3.0,2,0,1,1,0,1,0,0,0,1,1,1,1,0,0,2,18,2,1
847,1.0,1,1,1,1,1,0,0,1,0,0,0,0,0,0,1,2,18,2,1
848,2.0,2,0,1,1,1,0,0,0,0,0,0,1,0,0,0,3,18,1,1
849,2.0,1,0,1,1,0,0,1,1,1,0,0,0,0,0,1,4,18,1,1
850,1.0,1,0,1,1,1,0,0,1,0,0,0,0,0,0,1,4,18,2,1
851,2.0,1,0,1,0,1,1,0,0,0,0,0,0,0,0,0,2,18,1,1
852,2.0,2,0,1,0,1,1,0,0,0,1,0,1,1,0,0,4,15,1,1
853,2.0,1,0,1,1,1,0,0,0,0,0,0,0,0,0,0,1,18,1,1
854,3.0,1,1,1,1,1,1,1,0,0,0,0,0,1,0,1,6,15,1,1
855,1.0,2,0,1,0,1,0,0,0,0,0,0,1,0,0,0,2,15,1,1
856,2.0,1,0,1,0,1,1,1,0,0,0,0,0,0,0,0,3,18,2,1
857,1.0,1,0,1,1,1,0,0,0,0,0,0,0,0,0,0,2,15,1,0
858,2.0,1,0,1,0,0,1,0,1,0,0,0,0,0,0,0,5,18,2,0
859,2.0,1,0,1,0,0,1,0,0,0,0,0,0,0,0,0,2,15,1,1
860,2.0,1,0,1,0,0,1,0,0,0,0,0,0,0,0,1,3,18,2,1
861,1.0,1,1,1,0,0,0,0,0,0,1,0,0,0,0,0,6,15,2,0
862,1.0,2,1,1,1,1,0,0,0,0,0,0,1,0,0,1,1,15,1,1
863,1.0,1,1,1,1,1,1,0,0,0,0,0,0,0,0,1,6,15,1,1
864,4.0,2,0,1,1,0,0,0,0,0,0,0,1,0,0,0,3,15,1,1
865,2.0,1,0,1,1,1,0,1,1,0,0,0,0,0,0,1,3,18,1,0
866,2.0,1,0,1,1,1,1,0,0,0,0,0,0,0,0,1,3,18,1,1
867,1.0,2,0,1,0,0,0,0,0,0,0,0,1,0,0,0,3,18,2,1
868,2.0,1,1,1,1,1,1,1,1,0,0,0,0,0,0,1,3,18,1,1
869,2.0,1,0,1,1,1,1,0,0,0,0,0,0,0,0,0,3,18,1,1
870,2.0,1,0,1,0,1,1,1,0,0,0,0,0,0,0,1,3,18,2,1
871,2.0,1,0,1,0,1,0,1,0,1,0,0,0,0,0,1,4,18,2,1
872,2.0,1,0,1,1,1,1,0,1,0,0,0,0,0,0,0,2,18,2,0
873,1.0,1,1,1,1,1,1,1,1,0,0,0,0,0,0,1,3,18,2,1
874,2.0,1,1,1,0,0,0,0,1,0,1,0,0,0,0,0,1,7,1,1
875,3.0,1,1,1,0,0,0,0,0,0,0,0,0,0,0,1,1,7,1,0
876,4.0,1,0,1,0,1,0,0,0,1,1,0,0,0,0,1,1,7,1,1
877,4.0,1,0,1,1,1,1,0,0,1,0,0,0,0,0,1,2,7,1,1
878,4.0,1,1,1,1,1,0,1,0,0,0,0,0,0,0,1,3,7,1,1
879,3.0,1,0,1,0,0,0,1,1,0,0,0,0,0,0,0,3,7,2,1
880,3.0,1,1,1,0,0,0,1,0,1,0,0,0,0,0,1,2,7,2,1
881,2.0,1,0,1,0,0,0,1,0,1,0,0,0,0,0,0,4,7,2,0
882,2.0,1,1,1,1,0,1,0,0,0,0,0,0,0,0,0,2,7,2,1
883,3.0,1,1,1,0,0,0,1,0,0,0,0,0,0,0,1,3,7,2,0
884,3.0,1,0,1,1,1,0,0,0,0,0,0,0,0,1,1,1,7,1,1
885,2.0,1,1,1,0,1,0,0,0,0,0,0,0,0,0,1,6,7,2,0
886,2.0,1,0,1,1,1,0,1,0,0,0,0,1,1,0,1,1,7,2,1
887,1.0,3,0,1,1,1,1,0,1,0,0,0,0,1,1,1,4,7,1,1
888,2.0,1,1,1,1,1,1,0,0,0,0,0,1,0,0,1,2,7,2,1
889,4.0,2,0,1,1,0,1,0,0,0,0,1,1,0,0,1,2,7,1,1
890,4.0,1,0,1,1,1,1,0,0,0,0,0,1,0,0,1,2,7,2,1
891,2.0,1,0,1,1,1,1,1,0,0,0,0,1,1,0,1,3,7,2,1
892,2.0,1,0,1,0,0,1,0,0,1,0,1,0,0,0,1,1,7,1,1
893,2.0,1,0,1,1,0,1,0,0,1,0,0,0,0,0,0,3,7,2,1
894,1.0,1,1,1,0,0,0,0,0,1,0,0,0,0,0,0,1,7,2,1
895,2.0,1,0,1,0,1,1,0,0,0,0,0,0,0,0,1,1,7,2,1
896,3.0,1,0,1,0,1,1,0,1,0,0,0,0,0,0,0,2,7,1,1
897,3.0,1,1,1,0,0,0,1,0,1,0,0,0,0,0,0,2,18,2,0
898,3.0,1,0,1,1,1,1,0,0,0,0,1,0,0,0,1,1,7,2,1
899,3.0,1,0,1,0,1,1,0,1,0,0,0,0,1,0,0,2,7,2,1
900,3.0,1,0,1,1,0,0,0,0,0,0,0,0,0,0,1,1,7,1,1
901,3.0,1,1,1,0,1,0,1,0,0,0,0,0,0,0,0,1,7,2,1
902,2.0,1,0,1,1,1,1,0,0,0,0,1,0,0,0,1,2,7,2,1
903,4.0,2,1,1,1,1,1,0,1,1,0,0,1,0,0,1,1,7,2,1
904,4.0,2,0,0,0,0,0,0,0,0,0,0,1,0,0,0,1,7,1,1
905,4.0,1,0,1,1,1,1,1,0,0,1,0,0,0,0,1,3,7,1,1
906,2.0,1,0,1,1,1,0,0,0,0,0,0,0,0,0,0,2,7,2,1
907,3.0,1,1,1,1,1,0,0,0,0,0,0,0,0,0,0,3,7,2,0
908,1.0,3,0,1,0,1,1,0,0,0,0,0,0,0,0,1,3,7,1,1
909,2.0,1,1,1,0,0,0,0,0,1,0,0,0,0,0,0,3,7,1,0
910,1.0,1,0,1,1,1,0,0,1,0,0,0,0,0,0,1,3,7,2,0
911,3.0,1,1,1,1,1,0,0,0,0,0,0,0,0,0,1,2,7,2,1
912,3.0,1,1,1,1,1,0,1,0,0,0,0,0,0,0,0,2,7,1,1
913,1.0,3,0,1,1,1,0,0,0,0,0,0,0,1,0,0,3,7,2,1
914,2.0,1,0,1,0,0,0,1,1,0,0,0,0,0,0,0,2,7,2,0
915,2.0,1,1,1,1,0,1,0,0,0,0,0,0,0,0,0,5,7,2,1
916,2.0,1,1,1,0,1,1,1,0,0,0,0,0,0,0,0,3,7,2,0
917,2.0,1,0,1,1,1,1,1,1,0,0,0,0,0,0,1,2,7,1,1
918,2.0,1,0,1,1,1,1,0,1,0,0,0,0,0,0,0,2,7,1,0
919,2.0,1,0,1,0,1,0,0,0,0,1,0,0,1,0,0,2,7,2,1
920,2.0,1,1,1,0,0,0,0,1,0,0,0,0,0,0,0,3,7,2,1
921,2.0,1,1,1,1,1,1,0,0,0,0,1,0,0,0,1,1,7,2,0
922,2.0,1,0,1,1,1,1,1,0,0,0,0,0,0,0,0,4,7,1,1
923,2.0,1,1,1,1,1,0,0,0,0,0,0,0,0,0,1,4,7,2,1
924,2.0,1,1,1,1,1,1,0,0,0,0,0,0,0,0,1,1,7,1,1
925,2.0,1,1,1,1,1,0,1,0,0,0,0,0,0,0,1,2,7,2,0
926,2.0,1,1,1,0,0,0,0,0,0,0,0,0,0,0,1,2,7,1,0
927,2.0,1,0,1,1,1,0,0,1,0,0,0,0,0,0,1,3,7,2,1
928,2.0,1,1,1,1,1,0,1,0,0,0,0,0,0,0,0,2,7,2,1
929,2.0,1,1,1,1,1,1,0,0,1,0,0,0,1,1,1,3,7,1,1
930,2.0,1,0,1,1,1,1,1,1,1,1,0,0,0,0,1,4,7,2,1
931,2.0,1,0,1,1,1,1,0,0,0,0,1,0,0,0,1,1,7,2,1
932,4.0,1,1,1,1,1,0,0,0,0,0,0,0,0,0,0,1,7,1,0
933,1.0,1,1,1,1,0,0,0,0,0,0,0,0,0,0,0,1,7,2,1
934,2.0,1,1,1,1,1,1,0,0,0,0,0,0,0,0,1,2,7,1,1
935,3.0,3,0,1,1,1,0,0,1,0,0,0,1,1,0,1,2,7,2,0
936,2.0,1,1,1,1,1,1,1,0,1,0,0,0,0,0,0,3,7,1,1
937,1.0,2,0,1,1,0,0,0,0,0,0,1,0,0,0,0,5,7,1,1
938,2.0,1,1,1,1,1,1,0,0,0,1,1,0,0,0,0,3,7,1,1
939,1.0,1,0,1,1,1,1,0,0,1,1,1,0,0,0,0,1,7,2,1
940,4.0,1,0,1,1,1,1,1,0,0,0,0,0,0,0,1,3,7,1,1
941,2.0,1,1,1,1,1,0,1,0,0,0,0,0,0,0,0,3,7,1,1
942,1.0,1,1,1,1,1,0,1,0,0,0,1,0,0,0,1,2,18,2,1
943,2.0,1,0,1,1,1,1,0,0,0,0,0,0,0,0,1,2,7,2,1
944,3.0,1,0,1,1,1,1,1,0,0,1,0,0,0,0,0,2,7,2,1
945,3.0,1,1,1,0,0,1,0,0,1,0,0,0,0,0,0,1,7,1,1
946,1.0,2,0,0,0,0,0,0,0,0,0,0,1,0,0,0,2,7,1,1
947,3.0,3,1,1,1,1,1,1,1,0,0,0,0,0,0,1,2,7,2,0
948,3.0,1,1,1,0,0,0,1,0,1,0,0,0,0,0,0,2,7,2,0
949,2.0,1,0,1,1,1,0,0,0,0,1,0,0,0,0,1,3,7,2,1
950,3.0,1,1,1,0,1,0,0,0,1,0,0,0,0,0,0,1,7,2,0
951,2.0,1,0,1,1,1,0,0,0,0,0,0,0,0,0,0,2,7,1,1
952,2.0,1,1,1,0,1,0,0,0,0,0,0,0,0,0,1,2,7,2,1
953,3.0,1,1,1,0,1,0,0,0,1,0,0,0,0,0,0,1,7,2,0
954,2.0,1,0,1,1,1,0,0,0,0,0,0,0,0,0,0,1,7,2,1
955,2.0,1,1,1,1,1,1,1,0,0,0,0,0,0,0,1,3,7,2,1
956,2.0,1,0,1,1,1,0,1,0,1,0,0,0,0,0,0,1,7,1,0
957,1.0,1,0,1,1,0,0,0,0,0,0,0,0,0,0,1,3,7,1,1
958,2.0,1,1,1,1,1,0,0,0,1,0,0,0,0,0,0,2,7,2,0
959,2.0,1,1,1,0,0,1,0,0,0,0,0,0,0,0,1,3,7,2,1
960,1.0,2,1,1,0,0,0,0,0,0,0,0,1,0,0,0,3,7,1,1
961,2.0,1,1,1,1,1,1,1,0,0,0,0,0,0,0,0,1,7,1,1
962,2.0,1,0,1,1,0,1,0,1,0,0,0,0,0,0,1,1,7,1,1
963,2.0,1,1,1,1,1,0,0,0,0,0,0,0,0,0,0,2,7,2,1
964,1.0,1,1,1,1,1,1,1,1,1,0,0,0,0,0,0,3,7,2,1
965,2.0,1,1,1,0,1,0,1,0,1,0,0,0,0,0,0,1,7,2,0
966,1.0,2,0,0,0,0,0,0,0,0,0,0,1,0,0,0,1,7,1,0
967,2.0,1,1,1,1,0,0,0,0,1,0,0,0,0,0,0,2,18,1,0
968,1.0,2,0,0,0,0,0,0,0,0,0,0,1,0,0,0,1,18,1,0
969,1.0,2,0,1,0,0,0,0,0,0,0,0,1,0,0,0,3,7,1,1
970,1.0,3,1,1,1,1,0,1,0,0,0,0,0,1,0,0,2,7,1,1
971,1.0,3,1,1,1,1,0,1,0,0,0,0,0,1,0,0,2,7,1,1
972,1.0,2,0,1,1,1,0,1,0,0,0,0,1,1,0,0,2,7,2,1
973,1.0,3,1,1,0,0,0,0,0,0,0,0,0,1,0,0,4,7,2,1
974,3.0,1,1,1,1,1,0,0,1,0,0,0,0,0,0,0,2,7,2,0
975,3.0,1,1,1,1,1,1,1,0,0,0,0,0,0,0,1,3,7,2,0
976,1.0,3,1,1,0,0,0,1,0,0,0,0,0,1,0,0,2,7,2,1
977,1.0,1,0,1,0,0,1,0,0,0,0,0,0,0,0,0,2,7,2,1
978,2.0,1,0,1,0,0,1,0,0,0,0,0,0,0,0,1,2,7,2,1
979,1.0,1,0,1,1,1,0,0,1,0,0,0,0,0,0,1,2,7,2,1
980,3.0,1,0,1,0,0,1,0,1,0,0,0,0,0,0,1,2,7,2,1
981,1.0,3,0,1,1,1,1,0,0,0,0,0,0,1,0,0,1,7,2,1
982,1.0,2,0,0,0,0,0,0,0,0,0,0,1,0,0,0,1,7,1,1
983,2.0,1,0,1,1,1,1,0,0,0,0,0,0,0,0,0,2,7,2,1
984,1.0,2,0,1,0,0,0,0,0,0,0,0,1,0,0,0,1,18,1,1
985,1.0,2,0,0,0,0,0,0,0,0,0,0,1,0,0,0,2,18,2,0
986,2.0,1,0,1,1,1,0,1,0,1,0,0,0,0,0,0,2,18,2,1
987,2.0,1,1,1,1,0,0,1,0,1,0,0,0,0,0,0,3,18,2,1
988,3.0,1,1,1,0,0,0,1,0,0,0,0,0,0,0,0,1,7,2,0
989,1.0,1,0,1,0,0,1,0,1,0,0,0,0,0,0,0,1,7,2,1
990,1.0,2,0,1,1,1,1,0,0,0,0,0,1,0,0,1,5,15,1,1
991,1.0,2,1,1,0,0,0,0,0,0,0,0,1,0,0,1,6,7,1,1
992,2.0,2,1,1,1,1,1,1,1,0,1,0,0,0,0,1,3,18,1,1
993,1.0,1,0,1,0,1,1,1,1,0,1,0,0,0,0,1,5,15,1,1
994,4.0,1,1,1,1,1,0,1,0,0,0,0,0,0,0,0,5,18,1,1
995,1.0,1,0,1,0,0,1,1,0,0,0,0,0,0,0,0,2,18,2,1
996,2.0,1,1,1,1,1,1,1,0,0,0,0,0,0,0,1,2,7,2,1
997,2.0,1,1,1,1,1,1,1,1,1,1,0,0,0,0,1,4,18,1,1
998,2.0,3,1,1,0,1,1,0,0,0,1,0,0,1,0,0,2,15,2,1
999,2.0,1,1,1,1,1,0,1,0,0,0,0,0,0,0,0,5,18,1,1
1000,1.0,2,1,1,1,1,0,1,0,0,0,0,0,0,0,1,3,18,1,1
1001,2.0,1,0,1,1,1,1,1,0,0,0,0,0,0,0,1,3,7,2,1
1002,4.0,1,1,1,0,0,1,1,0,0,0,0,0,0,0,1,3,18,1,1
1003,2.0,1,1,1,1,1,1,1,0,0,0,0,0,0,0,1,2,18,1,1
1004,1.0,1,1,1,0,0,1,0,1,0,0,0,1,0,0,1,2,18,2,1
1005,2.0,1,1,1,1,0,1,0,0,0,0,0,0,0,0,0,4,7,1,1
1006,3.0,1,1,1,1,1,1,1,1,0,0,0,0,0,0,0,2,18,2,1
1007,2.0,1,0,1,0,1,1,0,1,0,0,0,0,0,0,1,1,18,2,1
1008,2.0,1,0,1,1,1,1,0,0,0,0,0,0,1,0,1,1,7,1,1
1009,3.0,1,1,1,1,0,0,0,0,0,0,0,0,0,0,0,2,18,2,1
1010,2.0,1,1,1,0,0,0,0,0,0,0,0,0,0,0,0,3,18,2,1
1011,2.0,3,1,1,0,1,1,1,0,0,0,0,0,1,0,1,2,7,1,1
1012,3.0,2,0,1,0,1,0,0,0,0,0,0,1,0,0,0,1,18,1,1
1013,2.0,1,1,1,1,1,1,1,0,1,1,1,0,0,0,1,3,18,2,1
1014,2.0,1,1,1,1,1,0,0,0,0,0,0,0,0,0,1,2,7,2,1
1015,4.0,1,1,1,1,0,0,0,0,1,1,0,0,0,0,0,2,18,1,1
1016,3.0,1,0,1,1,1,0,0,0,1,0,0,0,0,0,0,2,7,2,1
1017,2.0,1,1,1,1,1,1,1,1,0,0,0,0,0,0,1,3,18,2,1
1018,2.0,1,1,1,1,1,0,0,0,0,0,0,0,0,0,1,3,7,2,1
1019,2.0,1,1,1,1,1,1,0,1,0,0,0,0,0,0,0,2,18,1,0
1020,3.0,1,0,1,0,0,0,0,0,0,1,0,0,0,1,1,6,15,2,0
1021,1.0,1,0,1,1,1,0,0,0,0,0,1,0,0,0,1,2,15,1,1
1022,1.0,1,0,1,1,0,1,0,0,0,1,1,0,0,0,1,4,15,1,1
1023,1.0,3,0,1,1,1,0,1,0,0,0,1,0,1,0,1,4,15,1,1
1024,4.0,1,1,1,0,0,0,0,0,0,0,0,1,0,0,0,3,18,1,1
1025,1.0,2,0,0,0,0,0,0,0,0,0,0,1,0,0,0,4,15,1,1
1026,3.0,1,1,1,1,1,1,0,1,0,1,0,0,0,0,1,5,15,2,1
1027,4.0,1,1,1,1,1,1,1,0,1,1,0,0,0,0,1,3,18,1,1
1028,4.0,2,1,1,0,0,0,0,0,0,0,0,1,0,0,0,5,15,1,1
1029,4.0,2,1,1,0,0,0,0,0,0,0,0,1,0,0,0,4,18,2,1
1030,4.0,1,1,1,1,0,0,0,0,0,0,0,0,0,0,0,3,18,2,1
1031,2.0,1,1,1,1,1,1,1,1,0,0,0,0,0,0,1,2,18,1,1
1032,4.0,1,1,1,1,1,0,0,0,0,0,0,1,0,0,1,1,18,2,1
1033,1.0,3,0,1,0,1,1,1,0,0,0,0,1,1,0,0,6,15,1,1
1034,1.0,2,0,1,0,0,0,0,0,0,0,0,1,0,0,0,4,15,1,1
1035,2.0,2,1,1,1,1,1,1,0,1,0,0,0,0,0,1,3,18,1,1
1036,4.0,1,1,1,1,1,1,1,0,0,0,0,0,0,0,0,2,18,1,1
1037,2.0,1,0,1,1,1,1,1,0,0,0,1,0,0,0,1,2,15,2,1
1038,2.0,1,1,1,1,1,1,0,0,0,0,0,0,0,0,1,2,18,1,1
1039,4.0,1,0,1,1,1,1,1,0,0,0,0,0,0,0,0,4,18,2,1
1040,1.0,2,0,1,1,1,0,0,0,0,0,0,1,0,0,0,5,15,2,1
1041,2.0,1,0,0,1,0,0,0,0,0,0,0,0,0,0,0,4,15,1,1
1042,1.0,1,1,1,0,1,1,1,0,0,0,0,0,0,0,0,4,15,2,1
1043,1.0,1,0,1,1,1,0,0,0,0,0,0,0,0,0,0,3,18,2,0
1044,2.0,1,0,1,1,0,0,0,0,0,1,0,0,0,0,1,5,15,2,1
1045,4.0,1,0,1,0,1,0,0,0,0,0,0,0,0,0,0,3,18,1,1
1046,2.0,1,1,1,1,1,1,0,0,1,0,0,0,0,0,0,2,18,2,1
1047,2.0,1,1,1,1,1,0,0,0,0,0,0,0,0,0,1,2,18,1,1
1048,4.0,2,0,1,0,0,0,0,0,0,0,0,0,1,1,0,3,15,1,1
1049,3.0,1,1,1,0,0,1,1,0,0,0,0,0,0,0,0,2,18,2,1
1050,3.0,1,1,1,1,1,1,1,0,0,0,0,0,0,0,1,3,18,1,1
1051,1.0,3,1,1,1,1,1,1,0,1,1,0,1,1,1,1,2,15,2,1
1052,2.0,1,0,1,1,1,0,0,0,0,0,0,0,0,0,0,6,15,1,1
1053,2.0,1,0,1,0,1,1,1,0,0,1,0,0,0,0,1,5,15,2,0
1054,3.0,1,0,1,1,1,0,0,0,1,0,0,0,0,0,0,3,15,1,1
1055,2.0,1,0,1,1,1,0,0,0,0,0,0,0,0,0,0,5,15,1,1
1056,2.0,1,1,1,1,1,1,1,1,1,0,0,0,0,0,0,4,18,1,1
1057,1.0,2,0,1,1,0,0,0,0,0,1,0,1,0,0,0,3,15,1,1
1058,5.0,1,1,1,1,1,1,1,1,0,0,0,0,0,0,1,4,18,1,1
1059,1.0,1,0,1,0,0,0,1,0,0,0,0,0,0,0,1,3,18,2,1
1060,2.0,2,1,1,1,0,0,0,0,0,0,0,0,0,1,0,3,15,1,1
1061,2.0,1,1,1,1,1,1,1,1,0,0,0,0,0,0,0,2,18,2,1
1062,1.0,3,1,1,1,1,1,1,1,1,0,0,0,1,0,1,6,18,2,1
1063,1.0,1,1,1,1,1,0,1,0,0,0,0,0,0,0,1,6,15,1,1
1064,2.0,1,1,1,1,1,1,1,1,0,0,0,0,0,0,1,4,18,2,1
1065,1.0,2,1,1,1,1,1,1,0,1,1,0,1,1,1,1,4,15,1,1
1066,1.0,1,0,1,1,1,0,0,0,0,0,0,0,0,0,1,2,15,1,1
1067,2.0,1,1,1,0,0,1,0,0,1,0,0,0,0,0,1,5,18,1,1
1068,2.0,1,0,1,0,0,0,0,0,0,1,0,0,0,0,0,6,15,1,1
1069,2.0,1,0,1,0,1,0,1,0,0,0,0,0,0,0,0,3,15,1,1
1070,1.0,1,0,1,1,1,1,0,0,0,0,0,0,0,0,1,2,15,1,1
1071,1.0,1,0,1,1,1,0,1,0,0,0,0,0,0,0,0,6,15,1,0
1072,1.0,1,1,1,1,0,0,0,0,0,0,0,0,0,0,0,6,15,1,0
1073,1.0,1,1,1,1,0,0,0,0,0,0,0,0,0,0,1,4,15,1,1
1074,2.0,1,0,0,0,0,0,0,0,0,1,0,0,0,0,0,4,15,1,0
1075,1.0,1,0,1,0,0,0,0,0,0,0,1,0,0,0,1,5,15,1,1
1076,1.0,1,0,1,0,0,0,0,0,0,0,0,0,0,0,1,2,15,2,0
1077,1.0,1,0,1,0,0,1,0,0,1,1,1,0,0,1,1,5,15,1,0
1078,2.0,3,0,1,0,0,0,1,1,1,0,0,0,1,0,1,6,15,1,0
1079,1.0,1,1,1,1,1,1,0,0,1,0,0,0,0,0,0,7,15,1,1
1080,2.0,1,0,1,1,0,1,0,0,0,0,0,0,0,0,1,5,15,2,1
1081,1.0,3,0,1,0,1,1,1,0,1,0,0,0,1,0,0,1,15,1,1
1082,3.0,1,0,1,0,1,0,1,1,0,1,0,1,0,0,1,6,15,1,1
1083,1.0,1,0,1,1,1,0,0,0,0,0,0,0,0,0,0,5,7,1,1
1084,3.0,2,0,1,0,1,0,0,0,0,1,0,1,0,0,0,2,15,1,1
1085,2.0,1,1,1,1,1,0,0,0,0,0,0,0,0,0,0,5,18,1,1
1086,1.0,1,0,1,0,0,0,0,0,0,1,0,0,0,0,0,2,7,2,1
1087,4.0,3,1,1,1,1,0,1,0,0,0,0,1,0,0,1,2,18,1,1
1088,2.0,1,0,1,1,1,1,1,0,0,0,1,0,0,0,1,2,7,2,1
1089,2.0,1,1,1,1,1,1,0,0,0,1,1,0,0,0,0,1,7,2,1
1090,2.0,1,0,1,1,0,0,0,0,0,0,0,0,0,0,0,3,7,2,1
1091,4.0,1,0,1,1,1,1,0,0,0,0,0,0,0,0,1,3,7,1,1
1092,1.0,2,0,1,1,0,0,0,0,0,0,0,1,0,0,0,2,18,2,1
1093,4.0,1,0,1,0,0,0,0,1,0,0,0,0,0,0,1,3,7,2,1
1094,1.0,1,0,1,0,0,0,0,0,0,1,0,0,0,0,0,7,15,2,1
1095,4.0,2,0,0,1,0,0,0,0,0,0,1,1,0,0,0,5,15,1,1
1096,1.0,1,0,0,1,0,0,0,0,0,0,0,0,0,0,0,1,7,1,1
1097,2.0,1,0,1,1,1,0,0,0,0,1,1,0,0,0,1,2,15,2,1
1098,1.0,2,0,1,0,0,0,0,0,0,0,0,1,0,0,0,2,15,1,1
1099,1.0,2,0,0,1,0,0,0,0,0,0,0,1,0,0,0,6,15,1,1
1100,1.0,2,0,1,0,1,1,0,1,0,0,0,1,0,0,0,2,15,1,1
1101,3.0,1,0,1,1,0,0,0,0,0,0,0,0,0,0,0,2,15,2,1
1102,1.0,2,0,1,0,1,1,0,0,0,0,0,1,0,0,0,5,15,1,0
1103,1.0,2,0,1,1,1,0,1,0,0,0,0,1,0,0,0,2,7,2,1
1104,1.0,2,0,0,1,0,0,0,0,0,0,0,1,0,0,0,2,15,1,1
1105,3.0,3,0,1,1,1,1,0,0,0,0,0,0,1,0,1,6,15,2,0
1106,2.0,1,1,1,0,1,1,1,1,0,0,0,0,0,0,1,5,18,2,1
1107,1.0,1,0,1,1,1,1,0,0,0,0,0,0,0,0,0,1,15,2,1
1108,3.0,1,0,1,1,0,0,0,0,0,0,0,0,0,0,0,1,15,1,1
1109,1.0,1,1,1,1,0,0,0,0,0,0,0,0,0,0,0,2,7,2,1
1110,4.0,2,0,1,1,0,0,0,0,0,0,0,1,0,1,0,3,18,2,1
1111,1.0,2,0,0,1,0,0,0,0,0,0,0,1,0,0,0,2,15,1,1
1112,4.0,2,1,1,1,1,0,0,0,0,0,0,1,0,1,0,5,18,1,1
1113,1.0,1,0,1,1,1,0,1,0,1,0,0,0,0,0,1,4,15,1,1
1114,4.0,2,0,0,1,0,0,0,0,0,0,0,1,0,0,0,2,15,1,0
1115,4.0,2,0,0,0,1,1,0,0,1,0,0,1,0,0,0,3,15,1,1
1116,1.0,2,0,0,0,0,0,0,0,0,0,0,1,0,0,0,1,7,1,1
1117,4.0,2,0,1,1,1,0,0,0,0,0,0,1,0,0,0,2,18,1,1
1118,3.0,1,0,1,1,1,1,1,0,0,0,0,0,0,0,0,4,15,1,1
1119,2.0,1,0,1,1,1,0,0,0,0,0,0,0,0,0,1,2,15,1,0
1120,2.0,1,0,1,1,0,1,0,0,0,0,0,0,0,0,1,2,18,1,1
1121,2.0,1,0,1,1,1,0,0,0,0,0,0,0,0,0,0,1,18,1,1
1122,1.0,2,0,1,1,0,0,0,0,0,0,0,1,0,0,0,2,7,1,1
1123,3.0,1,0,1,1,1,1,1,0,1,1,0,0,0,0,1,2,15,2,1
1124,3.0,1,1,1,1,1,1,0,0,0,0,1,0,0,0,0,2,15,2,0
1125,4.0,1,0,1,1,0,0,0,0,0,0,0,1,0,0,0,2,18,1,1
1126,2.0,1,0,1,1,1,0,0,0,0,0,0,0,0,0,0,3,7,2,1
1127,2.0,1,0,1,1,0,1,0,0,0,1,0,0,0,0,0,2,7,1,1
1128,2.0,1,1,1,1,1,1,1,0,0,0,0,0,0,0,0,7,18,2,1
1129,3.0,3,1,1,0,0,1,1,0,0,0,0,0,1,0,0,4,18,1,1
1130,2.0,1,0,1,1,1,0,0,0,0,0,0,0,0,0,1,2,18,2,1
1131,2.0,1,1,1,1,1,0,0,0,0,0,0,0,0,0,0,3,18,2,1
1132,2.0,1,0,1,1,1,0,0,0,0,0,0,0,0,0,0,1,7,2,1
1133,4.0,1,1,1,1,1,0,0,0,0,0,0,0,0,0,0,2,18,1,1
1134,4.0,2,0,1,1,0,0,0,0,0,0,0,1,0,0,0,5,18,1,1
1135,4.0,3,0,1,1,1,0,0,0,0,0,0,0,0,0,1,3,18,2,1
1136,2.0,2,0,1,1,1,0,0,0,0,0,0,0,0,0,1,4,7,2,1
1137,2.0,1,0,1,1,1,1,0,0,0,0,0,0,0,0,1,4,7,2,1
1138,1.0,3,0,1,0,0,1,1,0,0,0,0,1,1,0,1,1,7,2,1
1139,2.0,2,0,1,1,1,1,0,0,0,0,0,0,0,0,0,2,18,2,1
1140,3.0,1,1,1,0,0,1,0,0,0,0,0,0,0,0,1,2,15,2,1
1141,2.0,1,0,1,1,1,0,1,0,0,0,0,0,0,0,0,2,7,2,1
1142,1.0,2,1,1,1,0,0,0,0,0,0,0,1,0,0,0,1,18,1,1
1143,2.0,1,1,1,1,1,1,1,0,1,0,0,1,0,0,1,1,18,2,0
1144,2.0,1,0,1,1,1,0,1,0,0,0,0,0,0,0,1,5,7,1,1
1145,4.0,2,0,0,1,0,0,0,1,0,0,0,1,0,0,0,2,18,1,1
1146,4.0,2,1,1,1,1,1,1,0,0,0,0,1,0,0,1,1,18,2,1
1147,3.0,1,1,1,1,1,1,1,0,0,0,0,0,0,0,0,2,7,1,0
1148,1.0,2,0,1,1,1,1,0,0,0,0,0,1,0,0,0,3,7,1,1
1149,4.0,2,0,1,0,1,0,1,0,0,0,0,1,0,0,0,2,7,1,1
1150,4.0,1,0,1,0,1,0,1,0,0,0,0,0,0,0,0,4,18,2,1
1151,4.0,1,1,1,0,0,0,1,0,0,0,0,0,0,0,0,4,18,1,1
1152,2.0,1,0,1,0,1,0,0,0,0,0,0,0,0,0,1,1,15,1,1
1153,2.0,1,0,1,1,0,1,0,0,0,0,0,0,0,0,0,3,15,1,1
1154,4.0,2,0,1,1,0,1,0,0,0,0,1,0,1,0,0,1,18,1,1
1155,2.0,1,0,1,1,0,0,0,0,0,0,0,0,0,0,1,5,15,2,1
1156,4.0,2,1,1,1,0,0,0,0,0,0,0,1,0,0,0,3,15,1,1
1157,1.0,1,0,1,1,1,0,1,0,0,0,0,0,0,0,0,4,15,1,1
1158,2.0,1,1,1,1,1,1,1,1,0,0,0,0,0,0,0,2,18,2,1
1159,4.0,2,0,1,1,1,0,0,0,0,0,0,1,0,0,0,2,18,1,1
1160,4.0,2,0,1,1,0,1,0,0,0,0,0,1,0,0,0,4,15,1,1
1161,2.0,1,1,1,1,1,1,0,0,0,0,0,0,0,0,0,1,18,2,1
1162,1.0,2,1,0,1,0,0,0,0,0,0,0,1,0,0,0,4,15,1,1
1163,1.0,2,0,0,1,0,0,0,0,0,0,0,1,0,0,0,1,18,1,1
1164,1.0,2,0,1,0,1,1,0,0,0,0,0,0,0,0,0,2,18,1,1
1165,4.0,2,0,1,1,0,0,0,0,0,0,0,1,0,0,0,3,15,1,1
1166,2.0,1,0,1,1,1,0,0,0,0,0,0,0,0,0,1,1,18,2,1
1167,5.0,1,0,1,1,1,1,0,0,0,0,0,0,0,0,1,3,18,1,1
1168,3.0,1,0,1,1,1,0,0,0,0,0,0,0,0,0,1,2,15,2,1
1169,1.0,1,0,1,1,1,0,0,0,0,0,0,0,0,0,0,1,18,1,1
1170,4.0,1,1,1,1,1,1,1,0,1,0,0,1,0,0,1,2,18,1,1
1171,3.0,1,0,1,1,1,0,0,0,0,0,0,0,0,0,1,2,18,2,1
1172,2.0,2,0,1,0,1,0,0,0,0,1,0,0,1,0,1,2,15,2,0
1173,4.0,2,1,1,1,1,1,0,0,0,0,0,1,0,0,1,2,18,2,1
1174,4.0,3,0,1,1,1,0,0,0,0,0,0,0,1,0,0,1,18,1,1
1175,1.0,2,0,1,1,0,0,0,0,0,0,0,1,0,0,0,3,7,1,1
1176,3.0,1,1,1,1,1,1,0,0,1,1,0,0,1,0,1,2,15,2,1
1177,2.0,1,0,1,1,1,1,0,0,0,0,0,0,0,0,0,3,7,1,1
1178,2.0,1,0,1,1,1,1,0,0,0,0,0,1,0,0,1,4,15,1,1
1179,1.0,1,1,1,1,0,0,0,0,0,0,0,0,0,0,0,2,15,1,1
1180,3.0,1,0,1,1,1,1,1,1,0,1,0,0,0,0,1,2,15,2,1
1181,4.0,2,1,1,1,0,0,0,0,0,0,0,0,0,0,0,2,18,2,1
1182,1.0,2,0,0,1,1,0,0,0,0,0,0,1,0,0,0,1,7,1,1
1183,4.0,2,1,1,1,1,1,0,0,0,0,0,1,0,0,0,2,18,2,0
1184,1.0,3,1,1,0,0,1,0,0,0,0,0,0,1,0,1,1,18,2,1
1185,2.0,1,0,1,1,1,1,1,0,0,0,0,0,0,0,1,5,7,2,1
1186,3.0,1,0,1,1,1,0,1,0,1,0,0,1,1,0,1,5,15,1,1
1187,4.0,2,0,1,1,0,0,0,0,0,0,0,1,0,0,0,5,15,1,1
1188,2.0,1,0,1,0,1,1,1,0,0,0,0,0,0,0,1,4,18,1,1
1189,4.0,2,0,1,1,1,1,0,0,0,0,0,1,0,0,0,4,15,1,1
1190,1.0,2,1,1,1,0,0,0,0,0,0,0,1,0,0,0,4,15,1,0
1191,2.0,1,0,1,0,1,1,0,0,0,0,0,0,0,0,1,5,18,2,1
1192,4.0,2,0,1,1,1,1,0,0,1,0,0,1,0,1,0,4,15,1,1
1193,4.0,3,1,1,1,1,0,1,0,0,0,0,1,1,1,1,2,7,2,1
1194,4.0,2,1,1,0,0,0,0,0,0,0,0,1,0,0,0,5,15,1,1
1195,4.0,2,0,1,1,1,1,1,0,0,0,0,1,0,0,0,2,7,2,0
1196,4.0,2,0,1,1,0,0,0,0,0,0,0,1,0,0,0,4,15,1,1
1197,1.0,2,1,1,0,0,0,0,0,0,0,0,1,0,1,0,1,15,1,1
1198,1.0,2,0,1,0,0,0,0,0,0,0,0,1,0,1,0,5,15,1,1
1199,2.0,1,0,1,1,1,0,0,0,0,0,0,0,0,0,1,4,15,2,1
1200,3.0,1,0,1,1,1,1,0,0,0,0,0,0,0,0,0,5,15,2,1
1201,3.0,1,0,1,1,1,1,1,1,0,0,0,0,0,0,1,2,7,2,1
1202,1.0,2,0,0,1,0,0,0,0,0,0,0,1,0,0,0,1,15,1,1
1203,2.0,1,0,1,1,0,0,0,0,0,0,0,0,0,0,0,1,15,1,1
1204,2.0,1,0,1,1,1,0,0,0,1,0,0,0,0,0,0,5,15,1,0
1205,4.0,1,0,1,0,0,0,0,0,1,0,1,0,0,0,0,3,18,1,1
1206,3.0,1,0,1,1,1,0,1,0,0,0,0,0,0,0,0,2,15,2,0
1207,4.0,1,0,1,1,1,0,0,0,0,0,0,0,0,0,0,4,18,2,1
1208,1.0,1,0,1,1,0,0,0,0,1,0,1,0,0,0,1,4,15,1,1
1209,4.0,2,0,1,1,0,0,0,0,0,0,0,1,0,0,0,2,18,1,1
1210,2.0,1,1,1,0,1,0,0,0,0,0,0,0,0,0,0,2,18,2,1
1211,4.0,2,0,0,1,1,0,0,0,0,0,0,1,0,0,0,3,15,1,1
1212,3.0,1,0,1,1,1,1,1,0,0,0,0,0,0,0,0,2,15,2,0
1213,4.0,2,0,1,1,0,0,0,0,0,0,0,1,0,0,0,2,18,1,1
1214,2.0,1,0,1,0,1,1,1,0,0,0,0,0,0,0,1,3,15,1,1
1215,1.0,2,1,0,1,0,0,0,0,0,0,0,1,0,0,0,6,15,1,1
1216,1.0,2,0,1,1,0,0,0,0,0,0,0,1,0,0,0,3,18,1,1
1217,2.0,1,0,1,1,0,0,1,0,0,0,0,0,0,0,1,2,15,2,1
1218,1.0,1,0,1,1,1,0,1,0,0,0,0,0,0,0,1,3,15,2,0
1219,2.0,1,0,1,1,0,0,0,0,0,0,1,0,0,0,1,1,18,2,0
1220,2.0,1,0,1,1,0,0,1,0,0,0,0,0,0,0,1,2,15,2,1
1221,1.0,2,0,1,1,0,0,0,0,0,0,0,1,0,0,0,5,18,1,1
1222,1.0,1,0,1,0,1,0,0,0,0,0,0,0,0,0,1,4,7,1,1
1223,1.0,2,0,0,1,0,0,0,0,0,0,0,1,0,0,0,2,15,1,1
1224,1.0,2,0,1,1,0,0,0,0,0,0,0,1,0,0,0,4,15,1,1
1225,2.0,2,0,1,1,0,0,0,0,0,0,0,1,0,0,0,6,15,1,1
1226,1.0,1,0,1,1,0,0,0,0,0,0,0,0,0,0,1,6,15,1,1
1227,1.0,2,0,1,1,0,0,0,0,0,0,0,1,0,0,0,5,15,1,0
1228,1.0,1,0,1,1,0,0,1,0,0,0,0,0,0,0,0,5,15,2,1
1229,1.0,1,0,1,0,0,0,0,0,0,0,1,0,0,0,1,3,15,2,1
1230,2.0,1,0,1,1,1,1,1,0,0,0,1,0,0,0,1,5,15,2,1
1231,1.0,3,0,1,1,1,1,0,0,0,0,0,0,1,0,0,3,18,2,1
1232,2.0,1,0,1,1,1,0,1,0,0,0,0,0,0,0,1,1,15,2,1
1233,1.0,3,0,1,1,0,1,0,0,0,0,0,0,1,0,1,4,15,2,1
1234,1.0,2,0,1,1,1,1,1,0,0,0,0,1,0,0,0,4,15,2,1
1235,4.0,2,0,1,1,0,0,0,0,0,0,0,1,0,0,0,5,15,1,1
1236,2.0,1,0,1,1,1,0,0,0,0,0,0,0,0,0,1,2,15,1,1
1237,3.0,1,0,1,1,0,1,0,0,0,0,0,0,0,0,0,2,7,2,1
1238,3.0,1,0,1,1,1,1,0,0,0,0,1,0,0,0,1,2,7,2,1
1239,1.0,2,1,0,1,0,0,0,0,0,0,0,1,0,0,0,2,15,1,1
1240,1.0,3,0,1,1,1,0,0,0,0,1,1,0,0,0,1,2,15,1,1
1241,3.0,1,1,1,1,1,0,0,0,0,0,0,0,0,0,1,1,15,2,1
1242,1.0,2,0,1,0,1,1,0,0,0,0,0,1,0,0,0,3,7,2,1
1243,1.0,2,1,0,0,0,0,0,0,0,0,0,1,0,0,0,2,15,1,1
1244,2.0,1,0,1,1,1,0,0,0,0,0,0,0,0,0,1,1,18,1,1
1245,3.0,1,0,1,1,1,0,0,0,0,0,0,0,0,0,0,2,18,1,1
1246,3.0,2,0,1,0,1,0,0,0,0,0,0,1,0,0,0,2,15,1,1
1247,1.0,2,0,1,1,0,0,0,0,0,0,0,1,0,0,0,3,15,1,1
1248,3.0,1,1,1,0,0,0,0,0,1,1,0,0,0,0,0,5,18,2,1
1249,1.0,1,1,1,1,0,0,0,0,0,0,0,0,0,0,0,2,15,2,1
1250,2.0,1,0,1,1,1,1,0,1,0,0,0,0,0,0,0,3,15,2,1
1251,3.0,1,0,0,0,0,1,1,1,0,0,0,0,0,0,1,3,7,1,1
1252,3.0,1,1,1,1,1,1,1,0,1,0,0,0,0,0,1,3,7,2,1
1253,2.0,1,1,1,1,1,0,0,0,0,0,0,0,0,0,0,2,15,1,1
1254,4.0,1,1,1,0,1,0,0,0,0,0,0,0,0,0,0,5,7,1,1
1255,1.0,2,1,1,0,0,0,0,0,0,0,0,1,0,0,0,3,15,1,1
1256,1.0,2,0,1,0,0,0,0,0,0,0,0,1,0,1,0,4,7,1,1
1257,2.0,1,1,1,1,1,1,0,0,0,0,0,0,0,0,0,1,7,1,0
1258,4.0,2,0,1,0,0,0,0,0,0,0,0,1,0,0,0,3,18,1,1
1259,1.0,2,0,0,0,0,0,0,0,0,0,0,1,0,0,0,2,15,1,1
1260,2.0,1,0,1,1,1,1,1,1,1,0,0,0,0,0,1,6,7,2,1
1261,2.0,2,1,1,0,0,0,0,0,1,0,0,1,0,0,0,1,18,1,1
1262,2.0,1,0,1,1,1,1,1,0,0,0,0,0,0,0,1,2,7,2,1
1263,2.0,1,0,1,1,1,0,0,0,0,0,0,0,0,0,0,1,7,1,1
1264,3.0,1,0,1,1,0,1,1,0,0,0,0,0,0,0,1,4,7,1,1
1265,1.0,2,0,1,1,1,0,0,0,0,0,0,1,0,0,0,2,7,2,1
1266,3.0,1,0,1,0,1,0,1,0,0,0,0,0,0,0,0,3,7,2,1
1267,1.0,2,0,1,0,0,0,0,0,0,0,0,1,0,0,0,7,15,2,1
1268,1.0,1,0,1,0,1,0,0,0,0,0,0,0,0,0,0,1,15,1,0
1269,4.0,2,0,1,1,1,0,0,0,0,0,0,1,0,0,0,3,7,2,1
1270,1.0,2,0,1,0,0,0,0,0,0,0,0,0,1,0,0,3,15,1,1
1271,4.0,1,1,1,1,1,0,0,0,0,0,0,0,0,0,0,2,7,2,1
1272,2.0,1,1,1,1,1,0,1,0,0,0,0,0,0,0,0,2,18,2,1
1273,3.0,2,0,1,0,0,0,0,0,0,0,0,1,0,0,0,2,7,2,1
1274,1.0,1,0,0,0,1,0,0,0,0,0,0,0,0,0,0,1,7,1,1
1275,3.0,2,0,1,1,1,0,0,0,0,0,0,1,0,1,0,3,18,1,1
1276,1.0,2,0,1,0,0,1,0,0,0,0,0,1,0,0,0,2,7,1,1
1277,2.0,2,0,1,1,1,0,1,0,0,0,0,1,0,0,0,1,7,2,1
1278,2.0,1,1,1,1,1,1,1,1,0,0,0,0,0,0,1,3,7,1,1
1279,2.0,1,1,1,0,1,1,0,1,0,1,0,0,0,0,1,3,7,1,1
1280,2.0,1,0,1,1,1,0,0,0,0,0,0,0,0,0,1,4,7,1,0
1281,2.0,2,1,0,0,0,0,0,0,0,0,0,1,0,0,0,3,15,1,1
1282,4.0,2,0,1,0,0,0,0,0,0,0,0,1,0,0,0,2,15,1,1
1283,1.0,2,1,0,0,0,0,0,0,0,0,0,1,0,0,0,3,15,1,1
1284,2.0,1,1,1,1,1,0,1,0,0,0,1,0,0,0,1,2,7,2,1
1285,2.0,1,0,1,0,1,1,0,1,0,1,0,0,0,0,1,5,7,1,1
1286,2.0,1,1,1,1,1,1,1,1,0,0,1,0,0,0,1,6,7,2,1
1287,1.0,1,0,1,1,1,0,1,1,0,0,0,0,0,0,0,2,15,2,0
1288,1.0,1,0,1,1,1,1,1,1,0,0,0,1,0,0,1,3,15,1,1
1289,2.0,1,1,1,0,0,0,0,0,0,0,0,0,0,0,1,1,15,1,1
1290,1.0,1,0,1,0,1,1,1,0,1,0,0,0,0,0,1,5,15,2,1
1291,1.0,1,1,1,1,1,0,0,0,0,0,0,1,0,0,1,2,18,2,0
1292,2.0,2,0,0,0,0,0,0,0,0,0,0,1,0,0,0,2,18,1,1
1293,4.0,1,1,1,1,1,1,1,0,0,0,0,0,0,0,1,4,18,1,1
1294,4.0,1,1,1,1,1,0,0,0,0,0,0,0,0,0,1,2,7,2,1
1295,2.0,1,1,1,1,1,1,0,1,0,0,0,0,0,0,0,5,18,2,1
1296,4.0,1,0,1,0,0,1,1,0,1,0,0,0,0,0,0,4,18,2,1
1297,1.0,2,0,1,0,1,1,0,0,0,0,0,1,0,1,0,2,7,1,1
1298,1.0,3,1,1,1,1,0,1,0,0,0,0,0,0,0,1,3,18,1,1
1299,4.0,2,1,1,1,1,0,0,0,0,0,0,1,0,0,0,1,18,2,1
1300,1.0,2,0,0,0,0,0,0,0,0,0,0,1,0,0,0,1,18,2,1
1301,2.0,1,0,1,1,1,1,1,0,0,0,1,0,0,0,0,1,7,1,1
1302,2.0,1,1,1,1,0,0,0,0,0,0,0,0,0,0,0,2,18,2,1
1303,4.0,2,0,1,0,1,1,1,0,0,0,0,1,0,0,0,2,18,1,1
1304,4.0,2,0,1,0,0,0,0,0,0,0,1,1,0,0,0,1,18,2,1
1305,1.0,2,0,1,1,1,1,1,0,0,1,0,1,0,0,1,2,18,2,1
1306,2.0,1,1,1,1,1,0,0,0,0,0,0,0,0,0,1,3,7,2,1
1307,2.0,1,1,1,1,1,1,1,1,1,0,1,0,0,0,1,2,18,1,1
1308,4.0,2,1,1,0,0,0,0,0,0,0,0,1,0,0,1,5,18,1,1
1309,3.0,3,1,1,0,0,1,0,0,0,0,0,0,1,0,0,2,7,1,1
1310,2.0,2,1,1,1,1,0,0,0,0,0,0,1,0,0,0,2,18,1,1
1311,2.0,1,1,1,1,0,0,0,0,0,0,1,0,0,0,1,2,18,1,1
1312,1.0,2,1,1,1,1,0,0,0,0,0,0,1,0,0,0,2,7,2,1
1313,3.0,3,0,0,1,1,0,0,0,0,0,0,1,1,0,0,2,7,1,1
1314,2.0,1,0,1,1,1,0,0,0,1,0,0,0,0,0,1,5,7,1,1
1315,2.0,3,1,1,1,1,0,0,0,0,0,0,0,1,0,0,5,15,1,1
1316,4.0,2,0,1,0,1,0,1,0,0,0,0,1,1,1,1,4,15,1,0
1317,3.0,2,0,0,0,0,0,0,0,0,0,0,1,0,0,0,1,15,1,1
1318,1.0,2,0,1,0,0,0,0,0,0,0,0,1,0,0,0,5,15,1,1
1319,3.0,1,1,1,1,1,1,0,0,0,0,0,0,0,0,0,3,18,2,1
1320,2.0,1,1,1,0,1,1,0,0,0,0,0,0,0,0,0,2,15,2,1
1321,2.0,1,1,1,1,1,1,1,1,0,0,0,0,0,0,1,5,18,2,0
1322,3.0,1,1,1,1,1,1,1,1,1,0,0,0,0,0,0,1,18,2,1
1323,1.0,2,0,0,0,0,0,0,0,1,0,0,1,0,0,0,1,18,1,0
1324,2.0,1,1,1,0,0,0,0,0,0,0,0,0,0,0,0,1,18,1,1
1325,1.0,1,0,1,1,0,0,1,0,0,0,0,0,0,0,0,2,18,2,1
1326,2.0,1,1,1,1,1,1,0,0,0,0,1,0,0,0,1,1,18,1,1
1327,2.0,1,1,1,1,1,0,0,0,0,0,0,0,0,0,0,2,7,2,1
1328,3.0,1,0,1,1,0,0,1,1,0,0,0,0,0,0,1,3,18,2,1
1329,2.0,1,0,1,1,1,1,0,0,0,0,1,0,0,0,1,3,18,2,0
1330,3.0,2,1,1,0,0,0,0,0,1,0,0,1,0,0,1,5,7,1,1
1331,3.0,1,1,1,1,0,0,0,0,0,0,0,0,0,0,1,4,7,2,1
1332,1.0,1,0,1,0,0,1,0,0,0,0,0,0,0,0,0,2,15,2,1
1333,1.0,2,0,1,1,0,0,1,0,0,0,0,1,1,0,0,3,15,1,1
1334,4.0,2,0,1,0,1,0,0,0,0,0,0,1,0,0,0,4,15,2,1
1335,2.0,1,1,1,0,0,0,0,0,0,0,0,0,0,0,1,2,18,1,1
1336,2.0,1,0,1,1,1,0,1,0,1,0,0,0,0,0,1,3,15,1,1
1337,2.0,1,1,1,1,0,0,1,0,0,0,0,0,0,0,1,2,7,1,1
1338,1.0,2,0,0,0,0,0,0,0,0,0,0,1,0,0,0,3,15,1,1
1339,2.0,1,1,1,1,0,1,0,0,0,0,0,0,0,0,1,2,7,1,1
1340,1.0,2,0,1,0,0,0,0,0,0,0,0,1,0,0,0,4,15,1,0
1341,2.0,1,1,1,1,1,0,0,0,0,0,0,0,0,0,0,1,15,1,1
1342,4.0,3,0,1,0,0,0,0,0,0,0,0,0,1,0,0,1,7,2,1
1343,1.0,2,0,0,0,0,0,0,0,0,0,0,1,0,0,0,2,15,1,1
1344,1.0,3,0,1,1,1,0,1,0,0,0,0,0,1,0,0,6,7,2,1
1345,1.0,2,0,1,0,0,0,0,0,0,0,0,1,0,0,0,2,18,1,1
1346,4.0,2,0,1,1,0,0,0,0,0,0,0,1,0,0,0,6,18,1,1
1347,1.0,3,1,1,0,0,1,0,0,0,0,0,0,0,0,1,3,18,1,1
1348,4.0,2,0,1,0,1,0,0,0,0,0,0,1,0,0,0,6,15,1,1
1349,2.0,1,1,1,1,0,0,0,0,0,0,0,0,0,0,0,2,18,1,1
1350,4.0,2,1,1,0,0,0,0,0,0,0,0,1,0,0,0,3,15,1,1
1351,1.0,2,1,1,1,1,0,0,0,0,0,0,1,1,0,0,3,15,1,1
1352,1.0,2,0,1,0,1,1,0,0,0,0,0,1,1,0,0,6,15,1,1
1353,1.0,2,0,1,0,0,0,0,0,0,0,1,0,1,0,0,3,15,1,1
1354,2.0,1,0,1,0,1,0,1,0,0,0,1,0,0,0,1,3,7,1,1
1355,2.0,1,1,1,1,1,1,0,0,1,0,0,0,0,0,1,3,7,2,1
1356,2.0,1,0,1,0,0,0,0,1,1,0,0,0,0,0,1,4,7,2,1
1357,1.0,1,0,1,1,1,1,1,0,0,0,0,0,0,0,1,4,15,2,1
1358,1.0,1,1,1,0,0,0,0,0,0,0,0,0,0,0,0,4,15,1,1
1359,3.0,1,1,1,1,1,0,1,0,0,0,0,0,0,0,1,2,18,1,1
1360,3.0,1,1,1,1,1,0,0,0,1,0,0,0,0,0,0,1,18,2,1
1361,2.0,1,1,1,1,1,0,0,0,1,0,0,0,0,0,1,2,18,1,1
1362,3.0,2,0,1,1,0,0,0,0,0,0,0,1,0,0,0,6,15,1,1
1363,1.0,2,1,1,1,0,1,0,0,0,1,0,1,0,0,1,6,7,2,1
1364,1.0,1,1,1,1,1,0,0,0,0,0,0,0,0,0,0,2,15,1,1
1365,1.0,2,1,1,0,0,0,0,0,0,0,0,1,0,0,0,6,15,1,1
1366,2.0,1,1,1,1,0,0,0,0,0,0,0,0,0,0,0,2,7,2,0
1367,3.0,1,1,1,1,1,0,0,0,0,0,0,0,0,0,1,2,15,1,1
1368,2.0,1,0,1,1,0,0,0,0,1,0,0,0,0,0,0,4,7,2,1
1369,1.0,2,0,1,0,0,0,0,0,0,0,0,1,1,1,0,6,7,1,1
1370,3.0,1,1,1,0,0,0,0,0,0,0,0,0,0,0,1,1,18,1,1
1371,2.0,1,1,1,1,0,0,0,0,0,0,0,0,0,0,0,1,18,2,1
1372,1.0,2,1,1,0,0,0,0,0,0,0,0,1,0,0,0,6,15,1,1
1373,1.0,2,1,1,0,0,0,0,0,0,0,0,1,0,0,0,3,18,2,1
1374,2.0,1,1,1,1,1,0,1,0,0,0,0,0,0,0,0,4,18,2,1
1375,2.0,1,1,1,0,0,1,0,0,0,0,0,0,0,0,1,5,15,1,0
1376,1.0,2,1,1,1,1,0,0,0,0,0,0,1,0,0,0,2,18,2,1
1377,2.0,2,1,1,0,1,0,1,0,0,0,0,1,0,0,0,2,18,2,1
1378,1.0,1,1,1,1,0,0,0,0,0,0,1,0,0,0,1,5,15,1,1
1379,1.0,1,0,1,1,0,0,1,0,0,0,0,0,0,0,0,5,15,2,1
1380,1.0,2,0,1,1,1,0,1,1,0,0,0,1,1,0,0,5,15,1,1
1381,1.0,2,1,1,1,0,1,0,0,0,0,0,1,0,0,0,1,15,1,1
1382,1.0,1,0,1,1,0,0,0,0,0,0,0,0,0,0,1,1,15,2,1
1383,1.0,2,1,1,0,0,0,0,0,0,0,0,1,0,0,1,2,7,1,1
1384,2.0,1,0,1,1,0,0,0,0,0,0,0,0,0,0,1,2,7,2,1
1385,2.0,1,1,1,1,1,1,1,1,0,0,0,0,0,0,1,6,7,1,0
1386,4.0,1,1,1,1,1,1,0,1,0,0,0,0,0,0,1,3,7,2,1
1387,1.0,1,1,1,1,1,0,1,0,0,0,0,0,0,0,0,4,18,2,1
1388,1.0,2,0,1,0,0,0,0,0,0,0,0,1,0,0,0,2,18,1,1
1389,3.0,1,0,1,1,0,0,0,0,1,1,0,0,1,0,1,4,7,1,1
1390,1.0,1,1,1,1,1,1,0,0,0,0,0,0,0,0,0,3,15,2,1
1391,1.0,2,0,1,0,1,0,0,0,0,0,0,1,0,0,0,2,15,2,1
1392,4.0,2,1,0,0,0,0,0,0,0,0,0,1,0,0,0,1,15,1,1
1393,1.0,2,0,1,0,0,0,0,0,0,0,0,1,0,0,0,1,15,1,1
1394,4.0,2,1,1,0,0,0,0,0,0,0,0,1,0,0,0,1,15,1,1
1395,4.0,2,1,1,1,0,0,0,0,0,0,0,1,0,0,0,1,18,2,1
1396,1.0,2,0,1,0,0,0,0,0,0,0,0,0,1,0,0,2,18,2,1
1397,2.0,1,0,1,1,1,0,1,1,1,1,0,0,0,0,1,2,15,2,1
1398,1.0,1,1,1,1,0,1,0,0,0,0,1,0,0,0,0,5,7,1,1
1399,2.0,1,1,1,1,0,0,0,0,0,0,0,0,0,0,1,1,7,1,1
1400,2.0,1,0,1,1,1,1,0,0,0,0,0,0,0,0,0,2,7,1,1
1401,3.0,1,0,1,1,1,0,1,0,0,0,0,0,0,0,0,3,7,2,1
1402,2.0,1,1,1,1,1,1,1,0,0,0,1,0,0,0,1,2,7,2,0
1403,2.0,1,1,1,1,0,0,0,0,0,1,0,0,0,0,0,4,7,2,1
1404,1.0,2,1,1,1,0,0,0,0,0,0,0,1,0,0,0,3,7,1,1
1405,4.0,2,1,1,0,1,1,0,0,0,0,0,0,1,0,0,3,18,1,1
1406,4.0,1,1,1,0,1,0,0,0,0,0,0,0,0,0,0,6,18,2,1
1407,2.0,1,1,1,1,0,0,0,0,0,0,0,0,0,0,0,4,7,1,1
1408,2.0,1,1,1,1,0,0,0,0,0,0,0,0,0,0,0,3,7,2,1
1409,2.0,1,1,1,1,1,1,1,1,0,0,0,0,0,0,0,2,7,2,1
1410,1.0,2,0,1,0,0,0,0,0,0,1,0,1,0,0,0,2,7,2,1
1411,3.0,1,1,1,1,1,0,0,0,0,0,1,0,0,0,0,4,7,1,1
1412,2.0,1,1,1,1,1,0,0,0,0,0,0,0,0,0,0,2,7,2,1
1413,4.0,2,1,0,0,0,0,0,0,0,0,1,0,0,0,0,1,15,1,0
1414,2.0,1,1,1,1,1,0,1,0,0,0,0,0,0,0,0,2,15,2,1
1415,2.0,1,1,1,1,0,1,0,0,0,0,1,0,0,0,0,2,7,2,1
1416,4.0,1,1,1,1,1,1,1,1,1,1,0,0,0,0,1,3,18,2,1
1417,3.0,1,1,1,0,0,0,0,0,0,0,0,0,0,0,0,2,18,2,1
1418,4.0,2,1,1,0,0,1,0,0,0,0,0,1,0,0,0,3,18,1,1
1419,2.0,1,1,1,0,1,1,1,0,0,0,0,0,0,0,1,1,7,2,1
1420,1.0,2,1,1,0,0,1,0,0,0,0,0,1,0,0,0,4,18,1,1
1421,1.0,1,0,1,1,1,1,0,0,0,0,0,0,0,0,0,4,7,2,1
1422,4.0,2,0,1,0,1,0,0,0,0,0,0,1,0,0,1,2,7,2,1
1423,1.0,2,0,1,1,0,0,0,0,0,0,0,1,0,1,0,1,18,1,1
1424,2.0,1,1,1,1,1,1,1,0,0,0,1,0,0,0,1,3,7,2,0
1425,2.0,1,1,1,0,0,0,0,0,0,0,0,0,0,0,1,1,7,2,1
1426,4.0,2,1,1,1,0,0,1,0,0,0,0,1,0,0,1,5,18,2,1
1427,3.0,1,1,1,1,1,0,0,0,0,0,1,0,0,0,1,2,7,1,1
1428,2.0,1,0,1,1,1,0,1,0,1,1,0,0,0,0,1,2,7,1,1
1429,4.0,2,1,1,0,1,0,0,0,0,0,0,1,0,0,0,1,18,2,1
1430,2.0,1,1,1,1,0,0,0,0,0,1,0,0,0,0,0,4,7,1,1
1431,2.0,1,0,1,1,0,0,0,0,0,0,0,0,0,0,0,2,7,2,1
1432,2.0,1,0,1,0,1,0,0,0,0,0,0,0,0,0,0,3,7,2,0
1433,3.0,1,0,1,1,1,1,1,0,0,0,0,0,0,0,1,2,7,2,1
1434,2.0,1,1,1,0,1,0,0,0,1,0,0,0,0,0,1,3,7,1,1
1435,3.0,1,0,1,1,1,1,0,0,0,0,0,1,0,0,1,3,7,2,1
1436,3.0,1,1,0,1,1,0,1,0,0,0,0,0,0,0,1,1,7,2,1
1437,2.0,1,1,1,0,1,0,0,0,0,0,0,0,0,0,0,6,15,1,0
1438,3.0,1,0,1,1,1,1,0,0,0,0,0,0,0,0,1,3,7,2,1
1439,1.0,1,1,0,1,1,0,0,0,0,0,0,0,0,0,1,1,7,2,1
1440,3.0,1,1,1,1,1,0,1,0,0,0,0,0,0,0,0,6,18,1,1
1441,3.0,2,0,1,0,0,0,0,0,0,0,0,1,0,0,0,2,15,1,1
1442,3.0,1,0,1,1,1,0,0,0,0,1,0,0,0,0,0,3,7,1,1
1443,3.0,1,0,1,1,1,1,1,1,1,0,1,0,0,0,1,2,7,1,1
1444,4.0,1,1,1,1,1,0,0,0,0,1,0,0,0,0,1,3,7,2,1
1445,2.0,2,0,1,0,0,0,0,0,0,0,0,1,0,0,0,1,7,1,1
1446,1.0,2,0,1,1,0,0,0,0,1,0,0,1,0,0,0,2,18,1,1
1447,1.0,1,1,1,1,0,0,0,0,1,0,0,0,0,0,0,3,18,2,1
1448,2.0,1,0,1,0,1,1,1,0,0,0,0,0,0,0,0,4,7,2,1
1449,4.0,2,0,1,0,0,0,0,0,0,0,0,1,0,0,0,1,18,1,0
1450,4.0,1,0,1,0,1,0,1,0,0,0,0,0,0,0,0,2,18,2,1
1451,4.0,1,0,0,0,1,0,1,0,0,0,0,0,0,0,1,1,7,2,1
1452,2.0,1,0,1,1,1,1,1,0,1,1,0,0,0,0,1,4,7,2,1
1453,1.0,1,0,1,1,0,1,1,1,0,0,0,0,0,0,0,2,7,2,1
1454,3.0,1,1,1,1,1,1,1,0,1,0,0,0,0,0,0,2,18,2,1
1455,3.0,1,0,0,1,1,0,0,0,0,0,0,1,0,0,0,3,7,1,1
1456,3.0,1,1,1,1,1,1,0,1,0,1,0,0,0,0,1,4,18,2,1
1457,2.0,1,0,1,1,1,1,0,0,0,0,0,0,0,0,0,2,7,1,1
1458,2.0,1,1,1,0,1,1,1,0,0,0,0,0,0,0,0,2,18,2,1
1459,4.0,1,0,1,1,0,0,0,0,0,0,0,0,1,0,0,2,7,1,1
1460,2.0,1,1,1,1,1,1,0,1,0,0,0,0,0,0,0,6,18,2,1
1461,2.0,1,0,1,1,1,0,0,0,0,0,0,0,0,0,1,4,7,2,1
1462,4.0,1,0,1,0,1,0,1,0,0,0,0,0,0,0,0,3,7,2,1
1463,1.0,1,0,1,0,1,0,1,0,0,1,0,0,0,0,0,1,7,2,1
1464,4.0,2,1,1,1,0,0,0,0,0,0,0,1,0,1,0,1,18,1,0
1465,3.0,1,0,1,0,0,0,0,0,0,0,0,0,0,0,1,4,7,2,1
1466,1.0,3,0,1,1,0,0,0,0,0,0,0,0,1,0,0,3,15,2,1
1467,4.0,2,1,1,1,1,0,1,0,0,0,0,1,0,0,0,1,18,1,1
1468,1.0,2,0,1,1,0,0,0,0,0,0,0,1,0,0,0,2,15,1,1
1469,2.0,1,0,1,1,0,0,0,0,0,1,1,0,0,0,1,1,15,2,1
1470,4.0,2,1,1,1,0,0,1,0,0,0,0,1,0,0,0,1,18,1,1
1471,2.0,1,1,1,1,1,0,1,0,1,0,0,0,0,0,0,5,15,1,0
1472,1.0,2,0,0,0,0,0,0,0,0,0,0,1,0,0,0,1,15,1,0
1473,2.0,1,1,1,1,1,1,1,1,0,0,0,0,0,0,1,1,18,2,1
1474,4.0,2,0,1,0,1,0,0,0,0,0,0,1,0,0,1,3,15,1,1
1475,1.0,1,0,1,1,1,0,0,0,0,0,0,0,0,0,0,2,18,2,1
1476,4.0,2,0,1,1,1,0,0,0,1,0,0,1,0,1,1,2,7,1,1
1477,4.0,2,0,1,0,0,0,0,0,0,0,0,1,0,0,0,3,18,1,1
1478,3.0,1,0,1,0,1,1,0,0,0,0,0,0,0,0,0,3,7,2,1
1479,1.0,3,1,1,1,0,0,1,0,0,0,1,0,1,0,0,4,18,2,1
1480,2.0,1,0,1,1,1,1,1,1,0,0,0,0,0,0,1,3,7,2,1
1481,1.0,1,1,1,1,0,0,1,0,0,0,0,0,0,0,1,2,7,2,1
1482,2.0,1,0,1,1,0,1,0,0,0,0,1,0,1,0,0,1,7,2,1
1483,1.0,2,0,1,0,0,0,0,0,0,0,0,1,0,0,0,3,18,2,1
1484,2.0,1,1,1,1,0,0,0,0,0,0,0,0,0,0,0,3,7,2,1
1485,3.0,1,0,1,1,1,1,0,0,0,0,0,0,0,0,0,5,7,2,1
1486,1.0,2,1,1,0,0,0,0,0,0,0,0,1,0,0,0,1,18,2,1
1487,1.0,3,0,1,1,0,1,0,0,0,0,0,0,1,0,1,3,18,2,1
1488,2.0,1,0,1,1,1,1,0,1,0,0,0,0,0,0,0,1,7,2,1
1489,1.0,2,0,1,1,1,0,0,0,0,0,0,1,0,0,0,1,18,1,1
1490,2.0,1,1,1,1,1,1,1,0,0,0,1,0,0,0,1,2,18,2,1
1491,2.0,1,1,1,0,0,1,1,0,0,0,0,0,0,0,0,4,15,2,1
1492,1.0,3,1,1,1,1,1,1,0,1,0,1,0,1,0,1,3,18,2,1
1493,4.0,2,1,1,1,1,0,0,0,0,0,0,1,0,0,0,2,18,2,1
1494,2.0,1,1,1,1,1,1,1,0,0,1,0,0,0,0,0,2,18,1,1
1495,1.0,2,1,1,0,0,0,0,0,0,0,0,1,0,0,1,3,18,1,1
1496,4.0,2,1,1,0,0,0,0,0,0,0,0,1,0,0,0,1,18,1,1
1497,2.0,1,0,1,1,1,1,0,0,0,0,0,0,0,0,1,1,7,1,1
1498,1.0,2,1,1,0,0,0,0,0,0,0,0,1,0,0,1,4,18,1,1
1499,2.0,1,0,1,1,1,0,0,0,0,0,0,0,0,0,0,2,7,1,1
1500,1.0,2,0,1,1,1,0,0,0,0,0,0,1,0,0,0,3,18,1,1
1501,2.0,1,0,1,1,1,1,0,0,0,0,0,0,0,0,0,4,7,2,1
1502,3.0,3,0,1,1,0,0,1,0,0,0,0,0,1,0,1,3,18,1,1
1503,3.0,1,0,1,1,0,1,0,0,0,0,0,0,0,0,1,3,7,1,1
1504,3.0,1,1,1,1,1,1,0,0,0,0,0,0,0,0,0,2,7,1,1
1505,3.0,1,1,1,1,1,1,1,1,1,0,0,0,0,0,1,4,7,2,1
1506,3.0,1,0,1,1,1,1,0,0,0,0,0,0,0,0,1,5,15,2,1
1507,1.0,1,0,1,1,1,0,1,0,0,0,0,0,0,0,0,1,15,1,0
1508,4.0,3,1,1,1,1,1,1,0,0,0,0,0,1,0,1,2,15,1,1
1509,1.0,2,1,1,0,0,0,0,0,0,0,0,1,0,0,0,2,15,2,1
1510,1.0,2,1,1,0,0,0,0,0,0,0,0,1,0,0,0,6,15,1,1
1511,2.0,1,1,1,0,1,0,0,0,0,0,0,0,0,0,0,4,15,2,1
1512,1.0,2,1,1,1,0,0,0,0,0,0,0,1,0,0,1,1,15,1,1
1513,2.0,1,1,1,1,1,0,1,0,1,0,0,0,0,0,0,6,15,1,1
1514,2.0,1,1,1,0,0,0,0,0,1,0,0,0,0,0,0,2,7,2,0
1515,3.0,2,0,1,1,0,0,0,0,0,0,0,1,0,0,0,4,15,1,1
1516,2.0,1,0,1,1,1,1,1,0,0,1,0,0,0,0,1,5,15,1,0
1517,3.0,2,1,1,1,0,0,0,0,0,0,0,1,0,0,0,6,15,1,1
1518,1.0,2,0,1,1,0,0,0,0,0,0,0,1,0,0,0,6,15,1,1
1519,2.0,1,0,1,1,1,1,1,0,1,0,0,0,0,0,1,2,7,2,0
1520,2.0,1,0,1,1,1,0,0,0,0,0,0,0,0,0,1,2,7,2,1
1521,1.0,1,1,1,1,1,1,1,0,1,0,0,0,0,0,0,1,15,2,1
1522,4.0,2,1,1,0,0,0,0,0,0,0,0,1,0,0,0,2,15,2,0
1523,1.0,1,1,1,0,0,1,0,0,0,0,0,0,0,0,0,1,15,1,1
1524,1.0,2,1,1,0,0,0,0,0,0,0,0,1,0,0,0,3,15,1,1
1525,3.0,2,0,1,0,0,0,0,0,0,0,0,1,0,0,0,3,18,1,1
1526,3.0,1,0,1,1,0,0,0,0,0,0,0,0,0,0,1,2,7,1,1
1527,2.0,1,1,1,1,1,1,0,0,0,0,0,0,0,0,1,3,7,1,1
1528,2.0,1,0,1,1,1,0,0,0,0,0,0,0,0,0,0,4,7,2,1
1529,3.0,1,1,1,0,1,0,0,0,0,0,0,0,0,0,0,3,7,1,0
1530,2.0,1,1,1,1,1,0,0,0,0,0,0,0,0,0,0,3,7,1,1
1531,2.0,1,1,1,1,1,0,0,0,0,0,0,0,0,0,0,3,7,2,1
1532,2.0,1,1,1,1,1,1,0,0,0,0,0,0,0,0,1,4,7,1,1
1533,1.0,2,1,1,0,0,0,0,0,0,0,0,1,0,0,0,2,7,1,1
1534,4.0,2,1,1,1,0,0,0,0,0,0,0,1,0,0,1,2,18,1,1
1535,2.0,1,1,1,1,1,0,0,0,0,0,0,0,0,0,1,2,7,2,1
1536,3.0,1,1,1,1,0,0,0,0,0,0,0,0,0,0,0,2,18,2,1
1537,2.0,2,1,1,1,0,0,0,0,0,0,0,1,0,0,1,2,7,2,1
1538,3.0,1,1,1,1,0,0,1,0,0,0,0,0,0,0,1,2,7,1,1
1539,2.0,1,1,1,1,0,1,0,0,0,0,0,0,0,0,1,2,7,2,1
1540,3.0,1,1,1,1,1,1,1,0,0,0,0,0,0,0,1,2,7,2,0
1541,2.0,1,1,1,1,1,1,0,0,0,0,0,0,0,0,1,3,7,1,1
1542,2.0,1,1,1,1,0,0,0,0,0,0,0,0,0,0,1,1,7,2,1
1543,3.0,1,1,1,1,0,0,0,0,0,0,0,0,0,0,1,2,7,1,0
1544,3.0,1,1,1,1,1,0,1,0,0,0,0,0,0,0,0,2,7,2,1
1545,3.0,1,1,1,1,0,0,1,0,0,0,0,0,0,0,0,3,7,1,1
1546,3.0,1,1,1,1,0,0,0,0,0,1,0,0,0,0,0,3,7,1,1
1547,3.0,1,1,1,1,0,0,0,1,0,0,0,0,0,0,0,2,7,2,1
1548,3.0,1,1,1,1,1,1,1,0,0,1,0,0,0,0,1,2,7,2,0
1549,3.0,1,1,1,1,1,1,0,0,0,0,0,0,0,0,1,2,7,2,1
1550,2.0,1,1,1,1,1,1,0,0,0,0,0,0,0,0,1,3,7,2,1
1551,1.0,2,1,1,1,0,1,0,0,0,0,0,1,1,0,1,2,18,1,0
1552,2.0,1,1,1,1,0,0,0,0,0,1,0,0,0,0,1,1,18,1,1
1553,3.0,1,1,1,1,1,0,0,0,1,0,0,0,0,0,0,2,18,1,1
1554,3.0,1,1,1,1,0,0,0,1,0,0,0,0,0,0,1,2,18,2,1
1555,3.0,1,1,1,1,0,1,0,0,0,0,0,0,0,0,1,2,18,1,0
1556,1.0,2,1,1,1,0,0,0,0,0,0,0,1,0,0,0,2,15,1,0
1557,3.0,1,1,1,1,1,0,0,1,0,0,0,0,0,0,1,3,7,2,1
1558,3.0,1,1,1,1,0,1,1,0,0,0,0,0,0,0,1,2,7,2,1
1559,4.0,1,1,1,1,0,0,0,0,0,0,0,0,0,0,1,2,7,1,1
1560,3.0,1,1,1,1,1,1,0,0,0,0,0,0,0,0,1,2,7,1,1
1561,2.0,1,1,1,0,1,0,0,0,1,0,0,0,0,0,0,2,18,1,1
1562,2.0,1,1,1,1,1,1,0,0,0,0,0,0,0,0,0,3,15,1,0
1563,2.0,1,1,1,1,1,0,0,0,0,1,0,0,0,0,1,2,7,2,0
1564,2.0,1,1,1,1,0,0,0,0,0,0,0,0,0,0,1,2,7,1,0
1565,3.0,1,1,1,1,0,1,0,1,0,0,0,0,0,0,0,3,7,2,0
1566,3.0,1,1,1,1,1,1,0,0,0,0,0,0,0,0,1,2,18,1,1
1567,1.0,1,1,1,1,0,1,0,0,0,0,1,0,0,0,1,2,18,1,1
1568,1.0,2,1,1,1,1,1,0,0,0,0,0,0,0,0,1,2,15,1,1
1569,3.0,1,1,1,1,1,1,1,1,1,0,0,0,0,0,1,2,7,1,1
1570,2.0,1,1,1,1,1,0,1,1,0,0,0,0,0,0,1,2,7,2,1
1571,4.0,2,1,1,1,0,0,0,0,0,0,0,1,0,0,0,1,7,2,1
1572,1.0,1,1,1,1,1,1,1,0,1,0,0,0,0,0,1,3,7,1,1
1573,3.0,1,1,1,1,1,1,1,0,1,0,0,0,0,0,1,2,18,1,1
1574,2.0,1,1,1,1,1,0,1,0,1,0,0,0,0,0,1,2,7,2,1
1575,3.0,1,1,1,1,1,1,1,0,1,0,0,0,0,0,1,2,7,1,1
1576,3.0,1,1,1,1,1,1,1,1,0,0,0,0,0,0,0,3,7,2,1
1577,2.0,1,1,1,1,1,1,1,1,0,0,0,0,0,0,1,3,7,1,1
1578,2.0,1,1,1,1,1,0,1,0,0,0,0,0,0,0,1,2,7,1,1
1579,3.0,1,1,1,1,1,1,1,1,0,1,1,0,0,1,1,2,7,2,1
1580,3.0,1,1,1,1,1,1,1,0,0,0,0,0,0,0,1,4,7,2,1
1581,2.0,1,1,1,1,1,0,1,1,1,0,0,0,0,0,1,2,7,2,1
1582,2.0,1,1,1,1,1,0,1,0,0,0,0,0,0,0,1,2,15,1,1
1583,1.0,2,0,1,1,0,0,0,0,0,0,0,1,0,0,0,2,7,2,1
1584,1.0,3,1,1,1,0,0,0,0,0,0,0,0,1,1,0,3,18,2,1
1585,2.0,1,1,1,1,1,0,1,0,0,0,0,0,0,0,1,2,7,1,0
1586,1.0,1,1,1,1,1,1,1,1,0,0,0,0,0,0,1,2,15,1,0
1587,2.0,1,1,1,1,1,1,1,0,0,0,0,0,0,0,1,1,18,2,1
1588,4.0,2,0,1,1,0,0,0,0,0,0,0,0,1,1,1,2,15,1,0
1589,2.0,1,1,1,1,1,1,1,0,0,0,0,0,0,0,1,3,7,1,1
1590,3.0,1,1,1,1,0,0,0,0,0,0,1,0,0,0,1,2,18,2,0
1591,3.0,1,1,1,1,1,1,1,1,1,0,0,0,0,0,1,2,18,1,0
1592,3.0,1,1,1,1,1,0,1,0,0,0,0,0,0,0,1,3,7,2,1
1593,3.0,1,1,1,1,1,0,1,0,0,0,0,0,0,0,0,3,7,1,1
1594,2.0,1,1,1,1,1,0,1,1,0,0,0,0,0,0,1,2,18,1,0
1595,2.0,1,1,1,1,1,0,1,1,0,0,0,0,0,0,1,3,7,2,1
1596,2.0,1,1,1,1,1,0,1,0,0,0,0,0,0,0,1,3,7,2,1
1597,2.0,1,1,1,1,1,1,1,1,0,0,0,0,0,0,0,3,7,1,1
1598,3.0,1,1,1,1,1,1,1,1,1,0,0,0,0,0,1,2,7,1,1
1599,4.0,2,1,1,1,0,0,0,0,0,0,0,0,1,1,1,1,7,2,1
1600,3.0,1,1,1,1,1,0,1,0,0,0,0,0,0,0,1,1,18,2,1
1601,3.0,1,1,1,1,1,0,0,1,0,0,0,0,0,0,1,3,7,2,1
1602,3.0,1,1,1,1,0,0,0,0,1,0,0,0,0,0,1,2,7,2,1
1603,3.0,1,1,1,1,1,1,1,0,0,0,0,0,0,0,1,3,7,2,0
1604,2.0,1,1,1,1,1,0,1,0,0,0,0,0,0,0,1,3,18,2,1
1605,1.0,2,1,1,1,0,0,0,0,0,0,0,1,0,0,0,2,18,2,1
1606,1.0,1,1,1,1,1,0,1,0,0,0,0,0,0,0,1,1,18,1,1
1607,3.0,1,1,1,1,1,1,1,1,0,0,0,0,0,0,0,4,7,2,1
1608,2.0,1,1,1,1,1,0,0,1,0,0,0,0,0,0,1,2,7,2,1
1609,2.0,1,1,1,1,1,1,0,0,0,0,0,0,0,0,1,3,7,2,1
1610,2.0,1,1,1,1,0,0,0,0,0,0,0,0,0,0,1,3,7,2,1
1611,2.0,1,1,1,1,0,1,0,0,0,0,0,0,0,0,1,3,7,1,1
1612,1.0,1,1,1,1,1,1,0,0,0,0,0,0,0,0,1,2,18,2,1
1613,3.0,2,1,1,1,1,0,0,0,0,0,0,1,0,0,0,1,18,1,1
1614,2.0,1,1,1,1,0,1,0,0,0,0,0,0,0,0,0,2,7,2,1
1615,3.0,1,1,1,1,0,0,1,0,0,0,0,0,0,0,1,4,7,2,1
1616,2.0,1,1,1,1,1,0,1,0,0,0,0,0,0,0,1,1,7,2,1
1617,2.0,1,1,1,1,1,0,0,0,0,0,0,0,0,0,0,2,7,2,1
1618,2.0,1,1,1,1,0,0,0,0,0,0,0,0,0,0,1,4,7,2,1
1619,2.0,1,1,1,1,0,1,0,0,0,0,0,0,0,0,1,3,7,2,1
1620,3.0,1,1,1,1,1,1,0,0,0,0,0,0,0,0,1,2,18,1,0
1621,3.0,1,1,1,1,0,1,0,0,0,0,0,0,0,0,0,2,7,2,1
1622,2.0,1,1,1,1,0,0,0,0,0,0,0,0,0,0,0,4,7,2,1
1623,2.0,1,0,1,1,0,1,1,0,0,0,0,0,0,0,0,3,7,2,0
1624,2.0,1,1,1,1,0,0,0,0,0,0,0,0,0,0,0,2,7,1,1
1625,3.0,1,0,1,1,1,0,1,0,0,0,0,0,0,0,0,2,7,2,1
1626,2.0,1,0,1,1,1,0,0,0,0,0,0,0,0,0,1,2,7,2,1
1627,2.0,1,1,1,1,1,1,0,0,0,0,1,0,0,0,1,5,7,2,0
1628,2.0,1,1,1,1,1,1,0,0,0,0,0,0,0,0,0,3,7,1,1
1629,2.0,1,1,1,0,0,0,1,0,0,0,0,0,0,0,1,2,7,2,1
1630,2.0,1,0,1,1,1,0,0,0,0,0,0,0,0,0,1,2,7,1,1
1631,2.0,1,1,1,1,0,1,0,0,0,0,0,0,0,0,1,4,7,1,0
1632,2.0,1,0,1,1,1,0,0,0,0,0,0,0,0,0,1,3,7,2,1
1633,1.0,1,0,1,1,0,0,0,1,0,0,0,0,0,0,0,1,7,2,1
1634,2.0,1,0,1,1,1,0,1,0,0,0,0,0,0,0,1,3,7,1,1
1635,3.0,1,1,1,1,1,0,0,0,0,0,0,0,0,0,1,3,7,2,1
1636,2.0,1,0,1,1,1,0,1,0,0,0,0,0,0,0,0,3,7,1,1
1637,2.0,1,1,1,1,0,0,0,0,0,0,0,0,0,0,0,2,7,1,1
1638,5.0,1,0,1,1,1,1,0,0,0,0,0,0,0,0,1,3,7,2,1
1639,2.0,1,1,1,1,0,0,0,0,0,0,0,0,0,0,0,2,7,1,1
1640,2.0,1,0,1,1,1,0,0,0,0,1,0,0,0,0,0,4,7,2,1
1641,2.0,1,1,1,1,1,0,0,0,0,0,0,0,0,0,0,1,7,2,1
1642,2.0,1,1,1,1,1,0,0,0,0,0,0,0,0,0,1,2,7,1,1
1643,3.0,1,1,1,1,0,0,1,0,0,0,0,0,0,0,0,2,7,2,1
1644,3.0,1,0,1,1,1,0,0,0,0,0,0,0,0,0,1,6,7,2,1
1645,2.0,1,0,1,1,1,0,1,0,0,0,0,0,0,0,0,3,7,2,1
1646,2.0,1,1,1,0,1,0,0,0,0,0,0,0,0,0,0,1,7,2,1
1647,2.0,1,1,1,1,1,0,1,0,0,0,0,0,0,0,0,1,7,2,1
1648,2.0,1,1,1,1,0,0,0,0,0,0,0,0,0,0,1,3,7,2,0
1649,3.0,1,0,1,1,1,1,1,0,0,0,0,0,0,0,0,3,7,2,1
1650,2.0,1,1,1,1,0,0,0,0,0,0,0,0,0,0,0,4,7,1,1
1651,2.0,1,0,1,1,1,1,1,1,0,0,0,0,0,0,1,2,7,2,1
1652,2.0,1,1,1,1,0,0,1,0,0,0,0,0,0,0,0,2,7,1,1
1653,3.0,1,1,1,1,1,1,0,1,1,0,0,0,0,0,1,2,7,2,1
1654,1.0,1,1,1,1,0,0,0,0,0,0,0,0,0,0,1,2,7,1,1
1655,2.0,1,1,1,1,1,0,1,0,0,0,0,0,0,0,0,3,7,2,1
1656,3.0,1,1,1,1,1,1,0,1,1,0,0,0,0,0,1,1,7,1,1
1657,2.0,1,1,1,1,1,1,0,0,0,0,0,0,0,0,0,3,7,2,1
1658,2.0,1,1,1,1,0,1,0,0,0,0,0,0,0,0,1,2,7,1,1
1659,3.0,1,0,1,1,1,1,1,0,1,0,0,0,0,0,0,2,15,1,0
1660,2.0,1,1,1,0,1,1,0,0,0,0,0,0,0,0,0,6,18,2,1
1661,2.0,1,0,1,1,0,0,0,0,0,1,0,0,0,0,0,3,7,2,1
1662,3.0,1,0,1,1,1,1,1,0,1,0,0,0,0,0,0,2,15,1,0
1663,2.0,1,1,1,1,1,1,0,0,0,0,0,0,0,0,0,3,7,2,1
1664,2.0,1,0,1,1,0,0,0,0,0,0,0,0,0,0,0,4,7,1,1
1665,2.0,1,0,1,1,1,0,1,0,0,0,0,0,0,0,1,3,7,2,1
1666,2.0,1,1,1,1,0,1,0,0,0,0,0,0,0,0,0,3,7,2,1
1667,3.0,1,1,1,1,0,0,1,0,0,0,0,0,0,0,0,2,7,2,1
1668,2.0,1,1,1,1,0,0,1,0,0,0,0,0,0,0,0,3,7,1,1
1669,2.0,1,1,1,1,1,0,0,1,0,0,0,0,0,0,1,3,18,2,1
1670,2.0,1,1,1,1,1,0,1,0,0,0,0,0,0,0,1,2,7,2,1
1671,2.0,1,0,1,1,0,0,0,0,0,0,1,0,1,0,1,1,7,1,1
1672,2.0,1,1,1,0,1,1,0,1,0,0,0,0,0,0,0,2,7,2,1
1673,2.0,1,0,1,1,0,1,0,0,0,0,0,0,0,0,1,1,7,1,1
1674,2.0,1,1,0,1,1,0,0,0,1,0,0,0,0,0,0,2,7,1,1
1675,3.0,1,0,1,1,1,0,1,0,0,0,0,0,0,0,1,1,7,1,1
1676,2.0,1,0,1,1,1,0,0,0,0,0,0,0,0,0,0,3,7,1,1
1677,3.0,1,0,1,1,0,1,1,0,0,0,0,0,0,0,1,3,7,1,1
1678,3.0,1,1,1,0,0,0,0,0,1,0,0,0,0,0,0,1,18,1,0
1679,3.0,1,1,1,1,0,1,0,0,0,0,0,0,0,0,1,4,7,2,1
1680,3.0,1,0,1,1,1,1,0,1,0,0,1,0,0,0,1,2,7,1,1
1681,2.0,1,0,0,1,1,1,1,0,0,0,0,0,0,0,1,2,7,1,1
1682,3.0,1,0,1,0,0,0,0,0,1,0,0,0,0,0,1,3,7,2,1
1683,3.0,1,0,1,0,0,1,0,1,0,1,0,0,0,0,0,2,18,2,1
1684,3.0,1,0,0,1,0,0,0,0,0,0,1,0,0,0,0,1,15,1,1
1685,3.0,1,0,1,1,0,0,0,0,0,0,0,0,0,0,1,2,18,2,1
1686,2.0,1,1,1,0,0,0,0,0,0,0,0,0,0,0,0,1,15,2,1
1687,2.0,1,1,1,1,1,0,1,0,0,0,0,0,0,0,1,3,7,1,1
1688,2.0,1,0,1,1,1,0,1,0,0,0,0,0,0,0,0,3,7,2,1
1689,3.0,1,1,1,1,1,0,0,0,1,0,0,0,0,0,1,2,7,1,1
1690,3.0,1,0,1,1,1,0,1,0,0,0,1,0,0,0,1,1,7,1,1
1691,2.0,1,0,1,0,1,0,1,0,0,0,0,0,0,0,1,5,7,1,1
1692,2.0,1,1,1,1,0,0,0,0,0,1,0,0,0,0,1,3,7,2,1
1693,3.0,1,0,1,1,1,1,1,0,0,0,0,0,0,0,1,1,7,1,1
1694,3.0,1,0,1,0,1,1,0,0,0,0,0,0,0,0,0,2,7,2,1
1695,3.0,1,1,1,1,1,0,1,0,0,0,0,0,0,0,0,2,7,2,1
1696,2.0,1,0,1,1,1,0,0,0,0,0,0,0,0,0,0,1,18,2,1
1697,2.0,1,0,1,1,1,1,0,0,0,0,0,0,0,0,0,4,7,1,1
1698,2.0,1,1,1,1,1,1,0,1,0,0,1,0,0,0,1,3,7,2,1
1699,2.0,1,1,1,1,1,0,0,0,0,0,0,0,0,0,1,3,7,2,1
1700,2.0,1,1,1,1,1,0,0,0,0,0,0,0,0,0,0,1,18,1,0
1701,2.0,1,0,1,1,1,0,0,0,0,0,0,0,0,0,1,2,7,2,1
1702,2.0,1,0,1,1,1,1,0,0,0,0,1,0,0,0,1,3,7,1,1
1703,2.0,1,0,1,1,1,1,1,1,1,0,0,0,0,0,1,2,7,2,1
1704,2.0,1,0,1,1,1,1,1,1,0,0,0,0,0,0,1,3,7,1,1
1705,1.0,1,0,1,1,0,0,1,0,0,0,1,0,0,0,1,1,7,2,1
1706,3.0,1,1,1,1,0,0,0,0,0,0,0,0,0,0,1,1,7,2,1
1707,2.0,1,0,1,1,0,0,0,0,0,0,0,0,0,0,1,1,7,1,1
1708,3.0,4,0,1,1,0,0,1,0,0,0,1,0,0,0,1,2,7,2,0
1709,3.0,4,0,1,1,0,0,0,0,0,0,1,0,0,0,1,2,7,2,0
1710,3.0,1,1,1,1,0,0,0,0,0,0,1,0,0,0,1,2,7,2,1
1711,2.0,1,1,1,1,1,1,0,0,0,1,0,0,0,0,1,1,7,1,1
1712,3.0,1,0,1,0,1,0,0,1,0,0,0,0,0,0,1,1,18,2,1
1713,3.0,1,0,1,1,0,0,0,0,0,0,1,0,0,0,0,2,7,1,1
1714,1.0,1,1,1,1,0,0,0,0,1,0,0,0,0,0,1,2,7,2,1
1715,3.0,1,1,1,1,1,1,1,1,0,0,0,0,0,0,1,2,7,1,1
1716,3.0,1,1,1,1,1,1,1,1,0,0,0,0,0,0,1,2,18,2,0
1717,2.0,2,1,1,1,0,0,0,0,0,0,0,1,0,0,0,1,7,2,1
1718,4.0,2,1,1,1,0,0,0,0,0,0,0,1,1,0,0,2,15,1,1
1719,3.0,1,1,1,1,1,0,1,1,1,0,0,0,0,0,1,2,7,1,1
1720,4.0,1,0,1,0,1,0,0,0,0,0,0,0,0,0,1,6,18,1,1
1721,2.0,1,0,1,1,1,0,1,0,0,0,0,0,1,0,1,3,7,1,1
1722,1.0,2,0,0,1,0,0,0,0,1,0,0,1,0,0,0,4,15,1,1
1723,3.0,1,1,1,1,0,0,0,0,1,0,0,0,0,0,0,2,18,1,1
1724,2.0,1,1,1,1,1,0,0,0,0,0,0,0,0,0,0,4,15,2,1
1725,1.0,1,0,1,0,0,0,0,0,0,0,0,0,0,0,1,5,15,1,1
1726,4.0,2,0,1,1,0,0,0,0,0,0,0,1,0,0,0,5,18,2,1
1727,4.0,2,0,1,1,0,0,0,0,0,0,0,1,0,0,0,1,15,2,1
1728,1.0,1,0,1,1,0,0,1,0,0,0,0,0,0,0,1,2,15,1,1
1729,1.0,2,0,1,0,0,0,0,0,0,0,0,1,0,0,0,4,15,1,1
1730,1.0,3,1,1,0,1,1,1,0,0,0,0,0,1,0,0,2,18,2,1
1731,1.0,1,0,1,1,0,0,0,0,0,0,0,0,0,0,1,2,18,2,1
1732,4.0,2,1,1,0,0,0,1,0,0,0,0,1,0,0,0,2,18,2,1
1733,4.0,2,0,1,1,0,0,0,0,0,0,0,1,0,0,1,1,15,1,1
1734,1.0,2,1,1,0,0,0,0,0,0,0,0,1,0,0,1,5,7,1,1
1735,4.0,1,1,1,1,1,1,1,1,0,0,0,0,0,0,1,1,18,2,1
1736,4.0,1,1,1,1,1,1,1,0,0,0,0,0,0,0,1,1,18,1,1
1737,4.0,1,1,1,1,1,1,1,0,0,0,0,0,0,0,1,1,18,2,0
1738,4.0,1,0,1,0,0,1,0,0,0,0,0,0,0,0,1,1,7,2,1
1739,4.0,2,0,1,1,1,0,1,0,0,0,0,1,0,0,1,3,18,1,1
1740,4.0,2,1,1,1,0,0,0,0,0,0,0,1,1,1,0,1,18,1,1
1741,4.0,1,1,1,1,0,0,0,0,0,0,0,0,0,0,0,1,7,2,1
1742,2.0,1,0,1,1,1,0,0,0,0,0,0,0,0,0,0,3,7,2,1
1743,1.0,2,0,0,0,0,0,0,0,0,0,0,1,0,0,0,1,15,1,1
1744,2.0,1,1,1,0,1,1,0,0,0,0,0,0,0,0,1,3,15,2,1
1745,2.0,1,1,1,1,1,0,1,0,0,0,0,0,0,0,1,3,15,1,1
1746,1.0,2,0,1,0,1,0,0,0,0,0,0,1,0,1,0,2,18,2,0
1747,2.0,1,0,1,1,0,1,0,0,0,0,0,0,0,0,0,2,18,2,1
1748,3.0,1,1,1,1,1,1,1,0,0,0,0,0,1,0,0,3,18,1,1
1749,3.0,3,1,1,1,1,1,1,0,0,0,0,0,1,0,0,2,18,2,1
1750,4.0,1,1,1,1,1,0,0,0,0,0,0,0,0,0,0,2,18,2,1
1751,4.0,2,0,1,0,0,1,0,1,0,0,1,1,0,0,0,5,7,1,1
1752,3.0,1,1,1,1,1,1,1,0,1,0,1,0,0,0,1,2,18,1,1
1753,4.0,2,1,1,0,0,0,0,0,0,0,0,0,0,0,0,1,7,1,1
1754,3.0,1,0,1,1,1,1,0,1,0,0,1,0,0,0,1,3,7,2,1
1755,1.0,2,1,0,0,0,0,0,0,0,0,0,1,0,0,0,3,7,1,1
1756,1.0,2,0,1,1,0,0,0,0,0,0,0,0,0,0,0,4,7,1,1
1757,2.0,1,1,1,1,1,0,0,0,0,0,0,0,0,0,1,2,7,2,1
1758,4.0,1,1,1,1,1,0,1,0,0,0,1,0,0,0,1,4,7,2,1
